

SET statement_timeout = 0;
SET lock_timeout = 0;
SET idle_in_transaction_session_timeout = 0;
SET client_encoding = 'UTF8';
SET standard_conforming_strings = on;
SELECT pg_catalog.set_config('search_path', '', false);
SET check_function_bodies = false;
SET xmloption = content;
SET client_min_messages = warning;
SET row_security = off;


SET SESSION AUTHORIZATION DEFAULT;

ALTER TABLE public.action_run_states DISABLE TRIGGER ALL;

INSERT INTO public.action_run_states (id, created_at, updated_at, state) VALUES ('f3d1863a-2bba-49b3-b814-0001a62f1970', '2021-06-10 22:27:39.194266-07', '2021-06-10 22:27:40.626427-07', 'canceled');
INSERT INTO public.action_run_states (id, created_at, updated_at, state) VALUES ('1d2d1efe-3e9c-4c9d-b962-18b4c0b7ed16', '2021-06-10 22:58:30.587209-07', '2021-06-11 08:18:55.85562-07', 'canceled');
INSERT INTO public.action_run_states (id, created_at, updated_at, state) VALUES ('318a4d8e-f234-45ad-aae3-5b1a6940ddeb', '2021-06-11 08:19:14.089155-07', '2021-06-11 08:19:25.120716-07', 'canceled');
INSERT INTO public.action_run_states (id, created_at, updated_at, state) VALUES ('e34b3c03-86db-4203-89d5-481b4a98e01d', '2021-06-11 08:56:19.816743-07', '2021-06-11 15:30:13.751738-07', 'finished');
INSERT INTO public.action_run_states (id, created_at, updated_at, state) VALUES ('d68c8557-adbd-4316-a78b-0cbb96fd9881', '2021-06-12 20:29:18.356579-07', '2021-06-12 23:22:31.807526-07', 'canceled');
INSERT INTO public.action_run_states (id, created_at, updated_at, state) VALUES ('67781490-96d0-4b60-b378-4dc2562866a3', '2021-06-13 22:05:48.49166-07', '2021-06-14 15:30:13.592958-07', 'finished');
INSERT INTO public.action_run_states (id, created_at, updated_at, state) VALUES ('96cf8c22-6612-473a-b74a-5189f6f2cb24', '2021-06-17 21:40:01.893349-07', '2021-06-17 21:40:07.689957-07', 'canceled');
INSERT INTO public.action_run_states (id, created_at, updated_at, state) VALUES ('53588cbd-d1c5-45cd-83b1-e403d79bfd2f', '2021-06-17 22:19:09.880225-07', '2021-06-17 22:19:14.442847-07', 'canceled');
INSERT INTO public.action_run_states (id, created_at, updated_at, state) VALUES ('6f0903cf-bb11-4c62-a6a2-71bf19874d4b', '2021-06-17 22:23:14.235317-07', '2021-06-17 22:43:38.708466-07', 'canceled');
INSERT INTO public.action_run_states (id, created_at, updated_at, state) VALUES ('b6a5384f-3815-4e43-a360-87befde280df', '2021-06-18 11:32:42.919839-07', '2021-06-18 11:32:46.262089-07', 'canceled');


ALTER TABLE public.action_run_states ENABLE TRIGGER ALL;


ALTER TABLE public.action_run_times DISABLE TRIGGER ALL;

INSERT INTO public.action_run_times (id, created_at, updated_at, runs_at, action_run_state_id) VALUES ('cd5a434e-2baa-467e-9f80-7f4e13b064e1', '2021-06-10 22:27:39.194266-07', '2021-06-10 22:27:39.194266-07', '2021-06-11 15:30:00-07', 'f3d1863a-2bba-49b3-b814-0001a62f1970');
INSERT INTO public.action_run_times (id, created_at, updated_at, runs_at, action_run_state_id) VALUES ('7df2a751-6c8e-4e49-9894-a8d7f8491234', '2021-06-10 22:58:30.587209-07', '2021-06-10 22:58:30.587209-07', '2021-06-11 15:30:00-07', '1d2d1efe-3e9c-4c9d-b962-18b4c0b7ed16');
INSERT INTO public.action_run_times (id, created_at, updated_at, runs_at, action_run_state_id) VALUES ('e279c93b-c9b6-4f8b-b34d-fc8c28989636', '2021-06-11 08:19:14.089155-07', '2021-06-11 08:19:14.089155-07', '2021-06-11 15:30:00-07', '318a4d8e-f234-45ad-aae3-5b1a6940ddeb');
INSERT INTO public.action_run_times (id, created_at, updated_at, runs_at, action_run_state_id) VALUES ('3eeed540-f66c-4946-aa3a-a9a2f6c2ea43', '2021-06-11 08:56:19.816743-07', '2021-06-11 08:56:19.816743-07', '2021-06-11 15:30:00-07', 'e34b3c03-86db-4203-89d5-481b4a98e01d');
INSERT INTO public.action_run_times (id, created_at, updated_at, runs_at, action_run_state_id) VALUES ('6ed3eeb6-a2cb-4d2e-b4ae-b83346b509dd', '2021-06-12 20:29:18.356579-07', '2021-06-12 20:29:18.356579-07', '2021-06-14 15:30:00-07', 'd68c8557-adbd-4316-a78b-0cbb96fd9881');
INSERT INTO public.action_run_times (id, created_at, updated_at, runs_at, action_run_state_id) VALUES ('bd49b7a4-7307-4dac-9c76-7b326221f4a4', '2021-06-13 22:05:48.49166-07', '2021-06-13 22:05:48.49166-07', '2021-06-14 15:30:00-07', '67781490-96d0-4b60-b378-4dc2562866a3');
INSERT INTO public.action_run_times (id, created_at, updated_at, runs_at, action_run_state_id) VALUES ('eddea0d4-22f0-4952-b091-a1df8c13d92d', '2021-06-17 21:40:01.893349-07', '2021-06-17 21:40:01.893349-07', '2021-06-18 15:30:00-07', '96cf8c22-6612-473a-b74a-5189f6f2cb24');
INSERT INTO public.action_run_times (id, created_at, updated_at, runs_at, action_run_state_id) VALUES ('648e611f-8754-4cdb-af8e-c0bf7e09ba3c', '2021-06-17 22:19:09.880225-07', '2021-06-17 22:19:09.880225-07', '2021-06-18 15:30:00-07', '53588cbd-d1c5-45cd-83b1-e403d79bfd2f');
INSERT INTO public.action_run_times (id, created_at, updated_at, runs_at, action_run_state_id) VALUES ('1996d1de-e89e-448b-be16-1d38926d9096', '2021-06-17 22:23:14.235317-07', '2021-06-17 22:23:14.235317-07', '2021-06-18 15:30:00-07', '6f0903cf-bb11-4c62-a6a2-71bf19874d4b');
INSERT INTO public.action_run_times (id, created_at, updated_at, runs_at, action_run_state_id) VALUES ('c6898479-7e4a-4640-9a58-4dbc691e83c3', '2021-06-18 11:32:42.919839-07', '2021-06-18 11:32:42.919839-07', '2021-06-18 15:30:00-07', 'b6a5384f-3815-4e43-a360-87befde280df');


ALTER TABLE public.action_run_times ENABLE TRIGGER ALL;


ALTER TABLE public.people DISABLE TRIGGER ALL;

INSERT INTO public.people (id, created_at, updated_at, first_name, last_name, goes_by) VALUES ('5419fec4-1380-475b-a6e7-87f1ea8870a6', '2021-05-11 22:58:57.614427-07', '2021-05-11 22:58:57.614427-07', 'Tim', 'Eckard', 'Tim the Bot');
INSERT INTO public.people (id, created_at, updated_at, first_name, last_name, goes_by) VALUES ('4383aa8e-d200-45cb-9c8e-0090f14457ef', '2021-05-11 22:07:30.127923-07', '2021-05-11 22:07:30.127923-07', 'Emma', 'Nazim', 'Emma');
INSERT INTO public.people (id, created_at, updated_at, first_name, last_name, goes_by) VALUES ('cfce1f7b-7617-4c5d-8349-e6640378e01e', '2021-05-12 23:36:10.535243-07', '2021-05-12 23:36:10.535243-07', 'Molly', 'Abbott', 'Molly');
INSERT INTO public.people (id, created_at, updated_at, first_name, last_name, goes_by) VALUES ('c8a20c60-1c95-4a9e-bb6a-57ca2670115d', '2021-05-14 14:09:54.579756-07', '2021-05-14 14:09:54.579756-07', 'John', 'Yoder', 'John');
INSERT INTO public.people (id, created_at, updated_at, first_name, last_name, goes_by) VALUES ('6e41e1a0-7f59-4195-ad39-546fcf1e6b79', '2021-05-14 14:10:03.581771-07', '2021-05-14 14:10:03.581771-07', 'Hillary', 'Yoder', 'Hillary');


ALTER TABLE public.people ENABLE TRIGGER ALL;


ALTER TABLE public.phone_numbers DISABLE TRIGGER ALL;

INSERT INTO public.phone_numbers (id, created_at, updated_at, number) VALUES ('a3067783-ada9-4f3d-988b-9ec0c89f959e', '2021-05-11 22:57:23.319527-07', '2021-05-11 22:57:23.319527-07', '+18058953296');
INSERT INTO public.phone_numbers (id, created_at, updated_at, number) VALUES ('6b261276-1ccf-4683-83a9-eda6a4e28b90', '2021-05-13 09:24:00.789685-07', '2021-05-13 09:24:00.789685-07', '+16616193290');
INSERT INTO public.phone_numbers (id, created_at, updated_at, number) VALUES ('c1e2457b-60ce-4e84-8ba0-a12020c49d40', '2021-05-11 22:23:59.97637-07', '2021-05-11 22:23:59.97637-07', '+12693593324');
INSERT INTO public.phone_numbers (id, created_at, updated_at, number) VALUES ('c1375981-0102-4132-8799-54f4fe3e0fbd', '2021-05-14 14:13:04.558717-07', '2021-05-14 14:13:04.558717-07', '+18054035926');
INSERT INTO public.phone_numbers (id, created_at, updated_at, number) VALUES ('aae83fea-7dd3-44eb-b51e-dbaf9a813db0', '2021-05-14 14:13:12.53256-07', '2021-05-14 14:13:12.53256-07', '+18054030600');


ALTER TABLE public.phone_numbers ENABLE TRIGGER ALL;


ALTER TABLE public.phone_contacts DISABLE TRIGGER ALL;

INSERT INTO public.phone_contacts (id, created_at, updated_at, person_id, phone_number_id) VALUES ('b2f62284-70f4-413e-9d14-d690a7877104', '2021-05-11 22:55:57.086991-07', '2021-05-11 22:55:57.086991-07', '4383aa8e-d200-45cb-9c8e-0090f14457ef', 'a3067783-ada9-4f3d-988b-9ec0c89f959e');
INSERT INTO public.phone_contacts (id, created_at, updated_at, person_id, phone_number_id) VALUES ('7de3ca81-a02e-4a7b-8b1b-e5388cc7b9d0', '2021-05-11 22:59:47.713103-07', '2021-05-11 22:59:47.713103-07', '5419fec4-1380-475b-a6e7-87f1ea8870a6', 'c1e2457b-60ce-4e84-8ba0-a12020c49d40');
INSERT INTO public.phone_contacts (id, created_at, updated_at, person_id, phone_number_id) VALUES ('25389801-0db6-43f3-89e5-d767855e71c6', '2021-05-13 09:24:39.964652-07', '2021-05-13 09:24:39.964652-07', 'cfce1f7b-7617-4c5d-8349-e6640378e01e', '6b261276-1ccf-4683-83a9-eda6a4e28b90');
INSERT INTO public.phone_contacts (id, created_at, updated_at, person_id, phone_number_id) VALUES ('5c09699c-f953-4f2c-94ac-682a31063930', '2021-05-14 14:14:14.625618-07', '2021-05-14 14:14:14.625618-07', 'c8a20c60-1c95-4a9e-bb6a-57ca2670115d', 'c1375981-0102-4132-8799-54f4fe3e0fbd');
INSERT INTO public.phone_contacts (id, created_at, updated_at, person_id, phone_number_id) VALUES ('f3c5ddd0-e305-4fe0-b208-8c913c18008c', '2021-05-14 14:14:37.524589-07', '2021-05-14 14:14:37.524589-07', '6e41e1a0-7f59-4195-ad39-546fcf1e6b79', 'aae83fea-7dd3-44eb-b51e-dbaf9a813db0');


ALTER TABLE public.phone_contacts ENABLE TRIGGER ALL;


ALTER TABLE public.process_events_jobs DISABLE TRIGGER ALL;

INSERT INTO public.process_events_jobs (id, created_at, updated_at, status, last_error, attempts_count, locked_at, locked_by) VALUES ('78c3f098-397b-442c-b622-ddbd11c48cee', '2021-06-18 13:54:51.899383-07', '2021-06-18 13:54:51.905526-07', 'job_status_running', NULL, 1, '2021-06-18 13:54:51.905526-07', 'd89706bf-82ff-4fee-9958-42e1a5da2eef');


ALTER TABLE public.process_events_jobs ENABLE TRIGGER ALL;


ALTER TABLE public.send_message_actions DISABLE TRIGGER ALL;

INSERT INTO public.send_message_actions (id, created_at, updated_at, body, from_id, to_id, action_run_state_id) VALUES ('34360990-b4d6-4689-801b-2c813920388a', '2021-06-10 22:27:39.194266-07', '2021-06-10 22:27:39.194266-07', 'Hey John - I''ve got you at Slap today. Let me know what hours you worked and what you did when you have a chance. Thanks!', 'c1e2457b-60ce-4e84-8ba0-a12020c49d40', 'c1375981-0102-4132-8799-54f4fe3e0fbd', 'f3d1863a-2bba-49b3-b814-0001a62f1970');
INSERT INTO public.send_message_actions (id, created_at, updated_at, body, from_id, to_id, action_run_state_id) VALUES ('ae242dca-7683-4053-a1bf-446bb52802c5', '2021-06-10 22:58:30.587209-07', '2021-06-10 22:58:30.587209-07', 'Hey John - I''ve got you at YAY! today. Let me know what hours you worked and what you did when you have a chance. Thanks!', 'c1e2457b-60ce-4e84-8ba0-a12020c49d40', 'c1375981-0102-4132-8799-54f4fe3e0fbd', '1d2d1efe-3e9c-4c9d-b962-18b4c0b7ed16');
INSERT INTO public.send_message_actions (id, created_at, updated_at, body, from_id, to_id, action_run_state_id) VALUES ('6741c394-6225-444a-a22d-84f1b688a691', '2021-06-11 08:19:14.089155-07', '2021-06-11 08:19:14.089155-07', 'Hey John - I''ve got you at Snarky today. Let me know what hours you worked and what you did when you have a chance. Thanks!', 'c1e2457b-60ce-4e84-8ba0-a12020c49d40', 'c1375981-0102-4132-8799-54f4fe3e0fbd', '318a4d8e-f234-45ad-aae3-5b1a6940ddeb');
INSERT INTO public.send_message_actions (id, created_at, updated_at, body, from_id, to_id, action_run_state_id) VALUES ('b8235832-c965-4ae5-a9fd-c82dc972114d', '2021-06-11 08:56:19.816743-07', '2021-06-11 08:56:19.816743-07', 'Hey John - I''ve got you at Goober today. Let me know what hours you worked and what you did when you have a chance. Thanks!', 'c1e2457b-60ce-4e84-8ba0-a12020c49d40', 'c1375981-0102-4132-8799-54f4fe3e0fbd', 'e34b3c03-86db-4203-89d5-481b4a98e01d');
INSERT INTO public.send_message_actions (id, created_at, updated_at, body, from_id, to_id, action_run_state_id) VALUES ('a01fb1f6-7c5c-4b59-8d5f-ab68a93d6659', '2021-06-12 20:29:18.356579-07', '2021-06-12 20:29:18.356579-07', 'Hey John - I''ve got you at Goopy today. Let me know what hours you worked and what you did when you have a chance. Thanks!', 'c1e2457b-60ce-4e84-8ba0-a12020c49d40', 'c1375981-0102-4132-8799-54f4fe3e0fbd', 'd68c8557-adbd-4316-a78b-0cbb96fd9881');
INSERT INTO public.send_message_actions (id, created_at, updated_at, body, from_id, to_id, action_run_state_id) VALUES ('eb44d8f5-817c-4e9f-bad0-4f6116a61ab6', '2021-06-13 22:05:48.49166-07', '2021-06-13 22:05:48.49166-07', 'Hey John - I''ve got you at Another job today. Let me know what hours you worked and what you did when you have a chance. Thanks!', 'c1e2457b-60ce-4e84-8ba0-a12020c49d40', 'c1375981-0102-4132-8799-54f4fe3e0fbd', '67781490-96d0-4b60-b378-4dc2562866a3');
INSERT INTO public.send_message_actions (id, created_at, updated_at, body, from_id, to_id, action_run_state_id) VALUES ('6ff5030c-8043-4fb2-80d0-18549a83b957', '2021-06-17 21:40:01.893349-07', '2021-06-17 21:40:01.893349-07', 'Hey John - I''ve got you at Future today. Let me know what hours you worked and what you did when you have a chance. Thanks!', 'c1e2457b-60ce-4e84-8ba0-a12020c49d40', 'c1375981-0102-4132-8799-54f4fe3e0fbd', '96cf8c22-6612-473a-b74a-5189f6f2cb24');
INSERT INTO public.send_message_actions (id, created_at, updated_at, body, from_id, to_id, action_run_state_id) VALUES ('469d49b9-0a4e-46d0-95f4-56301ff2cbae', '2021-06-17 22:19:09.880225-07', '2021-06-17 22:19:09.880225-07', 'Hey John - I''ve got you at Foogle today. Let me know what hours you worked and what you did when you have a chance. Thanks!', 'c1e2457b-60ce-4e84-8ba0-a12020c49d40', 'c1375981-0102-4132-8799-54f4fe3e0fbd', '53588cbd-d1c5-45cd-83b1-e403d79bfd2f');
INSERT INTO public.send_message_actions (id, created_at, updated_at, body, from_id, to_id, action_run_state_id) VALUES ('1942b386-83f4-404c-ad20-67be5c92fa97', '2021-06-17 22:23:14.235317-07', '2021-06-17 22:23:14.235317-07', 'Hey John - I''ve got you at Really future today. Let me know what hours you worked and what you did when you have a chance. Thanks!', 'c1e2457b-60ce-4e84-8ba0-a12020c49d40', 'c1375981-0102-4132-8799-54f4fe3e0fbd', '6f0903cf-bb11-4c62-a6a2-71bf19874d4b');
INSERT INTO public.send_message_actions (id, created_at, updated_at, body, from_id, to_id, action_run_state_id) VALUES ('862056c4-1506-47e9-bf52-7197d3f302b5', '2021-06-18 11:32:42.919839-07', '2021-06-18 11:32:42.919839-07', 'Hey John - I''ve got you at Goober today. Let me know what hours you worked and what you did when you have a chance. Thanks!', 'c1e2457b-60ce-4e84-8ba0-a12020c49d40', 'c1375981-0102-4132-8799-54f4fe3e0fbd', 'b6a5384f-3815-4e43-a360-87befde280df');


ALTER TABLE public.send_message_actions ENABLE TRIGGER ALL;


ALTER TABLE public.timecards DISABLE TRIGGER ALL;

INSERT INTO public.timecards (id, created_at, updated_at, week_of, state, person_id) VALUES ('39ad8142-8d6d-4a64-abc0-6eb6b1d78cb4', '2021-06-14 22:35:14.365349-07', '2021-06-14 22:35:14.365349-07', '2021-05-31', 'created', 'c8a20c60-1c95-4a9e-bb6a-57ca2670115d');
INSERT INTO public.timecards (id, created_at, updated_at, week_of, state, person_id) VALUES ('8d0ced99-10d9-4eb6-be6c-03f521571b5c', '2021-06-14 22:35:14.365349-07', '2021-06-14 22:35:14.365349-07', '2021-06-07', 'created', 'c8a20c60-1c95-4a9e-bb6a-57ca2670115d');
INSERT INTO public.timecards (id, created_at, updated_at, week_of, state, person_id) VALUES ('179a0157-7442-4ec7-a230-c78eeb7469c9', '2021-06-17 21:40:01.887084-07', '2021-06-17 21:40:01.887084-07', '2021-06-21', 'created', 'c8a20c60-1c95-4a9e-bb6a-57ca2670115d');
INSERT INTO public.timecards (id, created_at, updated_at, week_of, state, person_id) VALUES ('e7564f62-5a6a-4878-8cff-021219d53abf', '2021-06-17 22:44:06.730374-07', '2021-06-17 22:44:06.730374-07', '2021-10-18', 'created', 'c8a20c60-1c95-4a9e-bb6a-57ca2670115d');
INSERT INTO public.timecards (id, created_at, updated_at, week_of, state, person_id) VALUES ('3bd0a14c-ed12-4267-ac96-b0eb1c3558bc', '2021-06-17 23:30:58.001282-07', '2021-06-17 23:30:58.001282-07', '2021-06-14', 'created', 'c8a20c60-1c95-4a9e-bb6a-57ca2670115d');
INSERT INTO public.timecards (id, created_at, updated_at, week_of, state, person_id) VALUES ('56ca20c1-46e0-4765-87be-cb1ef75ccf72', '2021-06-17 23:36:08.272591-07', '2021-06-17 23:36:08.272591-07', '2021-05-10', 'created', 'c8a20c60-1c95-4a9e-bb6a-57ca2670115d');
INSERT INTO public.timecards (id, created_at, updated_at, week_of, state, person_id) VALUES ('71b2c803-6bf8-4e80-9229-d89cd678e442', '2021-06-17 23:36:21.578407-07', '2021-06-17 23:36:21.578407-07', '2021-08-16', 'created', 'c8a20c60-1c95-4a9e-bb6a-57ca2670115d');
INSERT INTO public.timecards (id, created_at, updated_at, week_of, state, person_id) VALUES ('ea16c12f-5439-4c57-b606-00ea91e9c26a', '2021-06-18 11:32:42.912626-07', '2021-06-18 11:32:42.912626-07', '2021-09-27', 'created', 'c8a20c60-1c95-4a9e-bb6a-57ca2670115d');
INSERT INTO public.timecards (id, created_at, updated_at, week_of, state, person_id) VALUES ('8dee4090-5ba6-4f6b-b6d9-04849a859301', '2021-06-17 22:09:35.836949-07', '2021-06-18 14:01:42.413032-07', '2021-07-19', 'created', 'c8a20c60-1c95-4a9e-bb6a-57ca2670115d');


ALTER TABLE public.timecards ENABLE TRIGGER ALL;


ALTER TABLE public.timecard_entries DISABLE TRIGGER ALL;

INSERT INTO public.timecard_entries (id, created_at, updated_at, date, job_name, hours_worked, work_done, invoice_translation, timecard_id) VALUES ('0035ef10-3209-4e0f-b2b2-79998fa08b0d', '2021-06-12 20:29:31.640698-07', '2021-06-14 23:19:24.850108-07', '2021-06-01', 'Loopy', 8, 'Hey John - I''ve got you at Goober today. Let me know what hours you worked and what you did when you have a chance. Thanks!', 'Hey John - I''ve got you at Goober today. Let me know what hours you worked and what you did when you have a chance. Thanks!', '39ad8142-8d6d-4a64-abc0-6eb6b1d78cb4');
INSERT INTO public.timecard_entries (id, created_at, updated_at, date, job_name, hours_worked, work_done, invoice_translation, timecard_id) VALUES ('a44c88be-f516-47dc-812a-8c75c3b42c0d', '2021-06-11 14:49:25.814912-07', '2021-06-14 23:19:24.850108-07', '2021-06-10', '722 Villa Mañana', 8, 'Hey John - I''ve got you at Garbe today. Let me know what hours you worked and what you did when you have a chance. Thanks!', 'Hey John - I''ve got you at Garbe today. Let me know what hours you worked and what you did when you have a chance. Thanks!', '8d0ced99-10d9-4eb6-be6c-03f521571b5c');
INSERT INTO public.timecard_entries (id, created_at, updated_at, date, job_name, hours_worked, work_done, invoice_translation, timecard_id) VALUES ('86bc52ee-95db-4c9d-b375-929ec9ac0c27', '2021-06-13 22:05:48.485886-07', '2021-06-14 23:19:24.850108-07', '2021-06-10', 'Another job', 8, 'Hey John - I''ve got you at Garbe today. Let me know what hours you worked and what you did when you have a chance. Thanks!', 'Hey John - I''ve got you at Garbe today. Let me know what hours you worked and what you did when you have a chance. Thanks!', '8d0ced99-10d9-4eb6-be6c-03f521571b5c');
INSERT INTO public.timecard_entries (id, created_at, updated_at, date, job_name, hours_worked, work_done, invoice_translation, timecard_id) VALUES ('f682dae2-f9cf-4360-b5e5-b00fa344d063', '2021-06-13 22:05:58.199081-07', '2021-06-14 23:19:24.850108-07', '2021-06-11', 'Yet Another job', 8, 'Hey John - I''ve got you at Goober today. Let me know what hours you worked and what you did when you have a chance. Thanks!', 'Hey John - I''ve got you at Goober today. Let me know what hours you worked and what you did when you have a chance. Thanks!', '8d0ced99-10d9-4eb6-be6c-03f521571b5c');
INSERT INTO public.timecard_entries (id, created_at, updated_at, date, job_name, hours_worked, work_done, invoice_translation, timecard_id) VALUES ('7ff7d66c-689a-40d9-a6d9-c557dd11e1c9', '2021-06-13 22:06:05.055515-07', '2021-06-14 23:19:24.850108-07', '2021-06-11', 'Job', 8, 'Hey John - I''ve got you at Goober today. Let me know what hours you worked and what you did when you have a chance. Thanks!', 'Hey John - I''ve got you at Goober today. Let me know what hours you worked and what you did when you have a chance. Thanks!', '8d0ced99-10d9-4eb6-be6c-03f521571b5c');
INSERT INTO public.timecard_entries (id, created_at, updated_at, date, job_name, hours_worked, work_done, invoice_translation, timecard_id) VALUES ('d5680e1b-3913-4f5c-80f3-28b512380df2', '2021-06-13 22:06:10.918325-07', '2021-06-14 23:19:24.850108-07', '2021-06-11', 'Steve Jobs', 8, 'Hey John - I''ve got you at Goober today. Let me know what hours you worked and what you did when you have a chance. Thanks!', 'Hey John - I''ve got you at Goober today. Let me know what hours you worked and what you did when you have a chance. Thanks!', '8d0ced99-10d9-4eb6-be6c-03f521571b5c');
INSERT INTO public.timecard_entries (id, created_at, updated_at, date, job_name, hours_worked, work_done, invoice_translation, timecard_id) VALUES ('90387e61-0592-46a9-9b70-a6fa03a644e8', '2021-06-13 22:06:20.665202-07', '2021-06-14 23:19:24.850108-07', '2021-06-11', 'Blob Job', 8, 'Hey John - I''ve got you at Goober today. Let me know what hours you worked and what you did when you have a chance. Thanks!', 'Hey John - I''ve got you at Goober today. Let me know what hours you worked and what you did when you have a chance. Thanks!', '8d0ced99-10d9-4eb6-be6c-03f521571b5c');
INSERT INTO public.timecard_entries (id, created_at, updated_at, date, job_name, hours_worked, work_done, invoice_translation, timecard_id) VALUES ('e1a15163-5f52-41fd-b663-c80645cc84c3', '2021-06-13 22:06:44.362143-07', '2021-06-14 23:19:24.850108-07', '2021-06-01', 'Happy Job', 8, 'Hey John - I''ve got you at Goober today. Let me know what hours you worked and what you did when you have a chance. Thanks!', 'Hey John - I''ve got you at Goober today. Let me know what hours you worked and what you did when you have a chance. Thanks!', '39ad8142-8d6d-4a64-abc0-6eb6b1d78cb4');
INSERT INTO public.timecard_entries (id, created_at, updated_at, date, job_name, hours_worked, work_done, invoice_translation, timecard_id) VALUES ('f663dcd3-84c8-4c67-8164-cd60644cdb15', '2021-06-13 22:06:50.55913-07', '2021-06-14 23:19:24.850108-07', '2021-06-01', 'Sad Job', 8, 'Hey John - I''ve got you at Goober today. Let me know what hours you worked and what you did when you have a chance. Thanks!', 'Hey John - I''ve got you at Goober today. Let me know what hours you worked and what you did when you have a chance. Thanks!', '39ad8142-8d6d-4a64-abc0-6eb6b1d78cb4');
INSERT INTO public.timecard_entries (id, created_at, updated_at, date, job_name, hours_worked, work_done, invoice_translation, timecard_id) VALUES ('173b89f5-f9d1-48e2-8b9d-5ea088e29dbd', '2021-06-13 22:06:58.006209-07', '2021-06-14 23:19:24.850108-07', '2021-06-01', 'Rad Job', 8, 'Hey John - I''ve got you at Goober today. Let me know what hours you worked and what you did when you have a chance. Thanks!', 'Hey John - I''ve got you at Goober today. Let me know what hours you worked and what you did when you have a chance. Thanks!', '39ad8142-8d6d-4a64-abc0-6eb6b1d78cb4');
INSERT INTO public.timecard_entries (id, created_at, updated_at, date, job_name, hours_worked, work_done, invoice_translation, timecard_id) VALUES ('9baa2720-b2a4-4d8b-997b-33b5c8887884', '2021-06-13 22:07:04.656093-07', '2021-06-14 23:19:24.850108-07', '2021-06-01', 'Chad Job', 8, 'Hey John - I''ve got you at Goober today. Let me know what hours you worked and what you did when you have a chance. Thanks!', 'Hey John - I''ve got you at Goober today. Let me know what hours you worked and what you did when you have a chance. Thanks!', '39ad8142-8d6d-4a64-abc0-6eb6b1d78cb4');
INSERT INTO public.timecard_entries (id, created_at, updated_at, date, job_name, hours_worked, work_done, invoice_translation, timecard_id) VALUES ('4cd8ed86-26aa-440a-9b5f-7c77f1edd6e6', '2021-06-13 22:07:09.6269-07', '2021-06-14 23:19:24.850108-07', '2021-06-11', 'Fad Job', 8, 'Hey John - I''ve got you at Goober today. Let me know what hours you worked and what you did when you have a chance. Thanks!', 'Hey John - I''ve got you at Goober today. Let me know what hours you worked and what you did when you have a chance. Thanks!', '8d0ced99-10d9-4eb6-be6c-03f521571b5c');
INSERT INTO public.timecard_entries (id, created_at, updated_at, date, job_name, hours_worked, work_done, invoice_translation, timecard_id) VALUES ('168b8fc5-9d34-49e4-b48c-727f93b99bea', '2021-06-13 22:07:19.011159-07', '2021-06-14 23:19:24.850108-07', '2021-06-01', 'Grad Job', 8, 'Hey John - I''ve got you at Goober today. Let me know what hours you worked and what you did when you have a chance. Thanks!', 'Hey John - I''ve got you at Goober today. Let me know what hours you worked and what you did when you have a chance. Thanks!', '39ad8142-8d6d-4a64-abc0-6eb6b1d78cb4');
INSERT INTO public.timecard_entries (id, created_at, updated_at, date, job_name, hours_worked, work_done, invoice_translation, timecard_id) VALUES ('2747f04c-6b7b-40eb-8832-29b8341be482', '2021-06-12 20:29:18.345754-07', '2021-06-15 22:14:03.7448-07', '2021-06-07', 'Goopy', 8, 'Hey John - I''ve got you at Goober today. Let me know what hours you worked and what you did when you have a chance. Thanks!', 'Hey John - I''ve got you at Goober today. Let me know what hours you worked and what you did when you have a chance. Thanks!', '8d0ced99-10d9-4eb6-be6c-03f521571b5c');
INSERT INTO public.timecard_entries (id, created_at, updated_at, date, job_name, hours_worked, work_done, invoice_translation, timecard_id) VALUES ('dc67aec4-57ab-4826-950f-f760f0c00dc4', '2021-06-17 22:19:09.873572-07', '2021-06-18 10:47:55.229401-07', '2021-06-18', 'Fooglea', 8, 'Hey John - I''ve got you at Another job today. Let me know what hours you worked and what you did when you have a chance. Thanks!', 'Hey John - I''ve got you at Another job today. Let me know what hours you worked and what you did when you have a chance. Thanks!', '3bd0a14c-ed12-4267-ac96-b0eb1c3558bc');
INSERT INTO public.timecard_entries (id, created_at, updated_at, date, job_name, hours_worked, work_done, invoice_translation, timecard_id) VALUES ('8ba5198c-6f97-400c-a259-82dd684fc1c5', '2021-06-17 22:23:14.228258-07', '2021-06-18 12:54:19.333547-07', '2021-06-24', 'Really future 3', 8, 'Hey John - I''ve got you at Goober today. Let me know what hours you worked and what you did when you have a chance. Thanks!

Hey John - I''ve got you at Another job today. Let me know what hours you worked and what you did when you have a chance. Thanks!', 'Hey John - I''ve got you at Goober today. Let me know what hours you worked and what you did when you have a chance. Thanks!

Hey John - I''ve got you at Another job today. Let me know what hours you worked and what you did when you have a chance. Thanks!', '179a0157-7442-4ec7-a230-c78eeb7469c9');


ALTER TABLE public.timecard_entries ENABLE TRIGGER ALL;


ALTER TABLE public.twilio_messages DISABLE TRIGGER ALL;

INSERT INTO public.twilio_messages (id, created_at, updated_at, api_version, message_sid, account_sid, messaging_service_sid, to_id, from_id, status, body, num_media) VALUES ('5477c205-a71b-4e34-8757-c17998c9e20f', '2021-05-17 09:07:29.259572-07', '2021-05-17 09:07:29.259572-07', '2010-04-01', 'SM3c2bfb9d5c6d4fbca78ed16726bae6ec', 'AC828cf7fa609e74ef78861e56ad166f42', NULL, 'c1375981-0102-4132-8799-54f4fe3e0fbd', 'c1e2457b-60ce-4e84-8ba0-a12020c49d40', 'delivered', 'Sent from your Twilio trial account - Goof', 0);
INSERT INTO public.twilio_messages (id, created_at, updated_at, api_version, message_sid, account_sid, messaging_service_sid, to_id, from_id, status, body, num_media) VALUES ('404390c0-fb94-470c-91d6-252556d03e76', '2021-05-16 02:43:19.807229-07', '2021-05-16 02:43:19.807229-07', '2010-04-01', 'SMfa400b514fe143fc8e68e7ac83ab39fb', 'AC828cf7fa609e74ef78861e56ad166f42', NULL, 'c1375981-0102-4132-8799-54f4fe3e0fbd', 'c1e2457b-60ce-4e84-8ba0-a12020c49d40', 'delivered', 'Sent from your Twilio trial account - What is your name?', 0);
INSERT INTO public.twilio_messages (id, created_at, updated_at, api_version, message_sid, account_sid, messaging_service_sid, to_id, from_id, status, body, num_media) VALUES ('25ecc109-91c1-4b9d-b342-9946893872d1', '2021-05-16 02:43:45.858398-07', '2021-05-16 02:43:45.858398-07', '2010-04-01', 'SM397c3d22461248d49f8eee4e652b031a', 'AC828cf7fa609e74ef78861e56ad166f42', NULL, 'c1375981-0102-4132-8799-54f4fe3e0fbd', 'c1e2457b-60ce-4e84-8ba0-a12020c49d40', 'delivered', 'Sent from your Twilio trial account - Seriously', 0);
INSERT INTO public.twilio_messages (id, created_at, updated_at, api_version, message_sid, account_sid, messaging_service_sid, to_id, from_id, status, body, num_media) VALUES ('754d76ab-f86e-4983-a1e0-c287f630d99c', '2021-05-16 02:45:15.035178-07', '2021-05-16 02:45:15.035178-07', '2010-04-01', 'SM54738bca2f7f40b8818f26b6b05bef16', 'AC828cf7fa609e74ef78861e56ad166f42', NULL, 'c1375981-0102-4132-8799-54f4fe3e0fbd', 'c1e2457b-60ce-4e84-8ba0-a12020c49d40', 'delivered', 'Sent from your Twilio trial account - Does status update work?', 0);
INSERT INTO public.twilio_messages (id, created_at, updated_at, api_version, message_sid, account_sid, messaging_service_sid, to_id, from_id, status, body, num_media) VALUES ('42ecaf60-349d-410a-9537-5f4965fd80c7', '2021-05-16 02:47:45.725897-07', '2021-05-16 02:47:45.725897-07', '2010-04-01', 'SM0985f80c14839db32c3dc5248dff6489', 'AC828cf7fa609e74ef78861e56ad166f42', NULL, 'c1e2457b-60ce-4e84-8ba0-a12020c49d40', 'c1375981-0102-4132-8799-54f4fe3e0fbd', 'received', 'Yes!!', 0);
INSERT INTO public.twilio_messages (id, created_at, updated_at, api_version, message_sid, account_sid, messaging_service_sid, to_id, from_id, status, body, num_media) VALUES ('39535435-9d10-46be-8020-2724c27fa099', '2021-05-17 13:00:32.126379-07', '2021-05-17 13:00:32.126379-07', '2010-04-01', 'SM431d0d9957074debadd1784bdc7401f6', 'AC828cf7fa609e74ef78861e56ad166f42', NULL, 'c1375981-0102-4132-8799-54f4fe3e0fbd', 'c1e2457b-60ce-4e84-8ba0-a12020c49d40', 'delivered', 'Sent from your Twilio trial account - hello', 0);
INSERT INTO public.twilio_messages (id, created_at, updated_at, api_version, message_sid, account_sid, messaging_service_sid, to_id, from_id, status, body, num_media) VALUES ('425a2b91-4fd7-4faa-8b82-596cf2c6317c', '2021-05-16 02:47:54.518456-07', '2021-05-16 02:47:54.518456-07', '2010-04-01', 'SM1af52afc868543e78c31162c86ac609a', 'AC828cf7fa609e74ef78861e56ad166f42', NULL, 'c1375981-0102-4132-8799-54f4fe3e0fbd', 'c1e2457b-60ce-4e84-8ba0-a12020c49d40', 'delivered', 'Sent from your Twilio trial account - Boom!', 0);
INSERT INTO public.twilio_messages (id, created_at, updated_at, api_version, message_sid, account_sid, messaging_service_sid, to_id, from_id, status, body, num_media) VALUES ('7bf96210-030b-45c0-a630-2b40552d1d09', '2021-05-16 02:48:04.633172-07', '2021-05-16 02:48:04.633172-07', '2010-04-01', 'SM403c9fe1cb6b4abab39b0c9be41c3279', 'AC828cf7fa609e74ef78861e56ad166f42', NULL, 'c1375981-0102-4132-8799-54f4fe3e0fbd', 'c1e2457b-60ce-4e84-8ba0-a12020c49d40', 'delivered', 'Sent from your Twilio trial account - Again', 0);
INSERT INTO public.twilio_messages (id, created_at, updated_at, api_version, message_sid, account_sid, messaging_service_sid, to_id, from_id, status, body, num_media) VALUES ('ba94ae17-ed34-46fa-8cc2-a0fc3b934e22', '2021-05-16 20:12:20.502536-07', '2021-05-16 20:12:20.502536-07', '2010-04-01', 'SM506f96d151f3472abfe998ec2d16ad00', 'AC828cf7fa609e74ef78861e56ad166f42', NULL, 'c1375981-0102-4132-8799-54f4fe3e0fbd', 'c1e2457b-60ce-4e84-8ba0-a12020c49d40', 'delivered', 'Sent from your Twilio trial account - Gorf', 0);
INSERT INTO public.twilio_messages (id, created_at, updated_at, api_version, message_sid, account_sid, messaging_service_sid, to_id, from_id, status, body, num_media) VALUES ('6f45008e-2a6d-4106-aec5-97645aba89bb', '2021-05-17 13:00:42.264301-07', '2021-05-17 13:00:42.264301-07', '2010-04-01', 'SM23486ea154704566bec5a0e13f162569', 'AC828cf7fa609e74ef78861e56ad166f42', NULL, 'c1375981-0102-4132-8799-54f4fe3e0fbd', 'c1e2457b-60ce-4e84-8ba0-a12020c49d40', 'delivered', 'Sent from your Twilio trial account - hello2', 0);
INSERT INTO public.twilio_messages (id, created_at, updated_at, api_version, message_sid, account_sid, messaging_service_sid, to_id, from_id, status, body, num_media) VALUES ('8a367e28-1135-4bcb-8a48-ba7811d06d4d', '2021-05-16 21:22:36.629437-07', '2021-05-16 21:22:36.629437-07', '2010-04-01', 'SMefd73d30093b41f6bf608f5ba0640348', 'AC828cf7fa609e74ef78861e56ad166f42', NULL, 'c1375981-0102-4132-8799-54f4fe3e0fbd', 'c1e2457b-60ce-4e84-8ba0-a12020c49d40', 'delivered', 'Sent from your Twilio trial account - Go', 0);
INSERT INTO public.twilio_messages (id, created_at, updated_at, api_version, message_sid, account_sid, messaging_service_sid, to_id, from_id, status, body, num_media) VALUES ('be77f0f1-47c7-4479-8a74-775f771fae2f', '2021-05-16 21:22:55.893477-07', '2021-05-16 21:22:55.893477-07', '2010-04-01', 'SMaf7b5a81bd12445796ed6c3f10b54c39', 'AC828cf7fa609e74ef78861e56ad166f42', NULL, 'c1375981-0102-4132-8799-54f4fe3e0fbd', 'c1e2457b-60ce-4e84-8ba0-a12020c49d40', 'delivered', 'Sent from your Twilio trial account - Now!', 0);
INSERT INTO public.twilio_messages (id, created_at, updated_at, api_version, message_sid, account_sid, messaging_service_sid, to_id, from_id, status, body, num_media) VALUES ('a506066c-11b8-4e6c-9bb6-cfa02c5897ac', '2021-05-16 21:25:09.620511-07', '2021-05-16 21:25:09.620511-07', '2010-04-01', 'SM044bd64b9588586811633292ba1152a7', 'AC828cf7fa609e74ef78861e56ad166f42', NULL, 'c1e2457b-60ce-4e84-8ba0-a12020c49d40', 'c1375981-0102-4132-8799-54f4fe3e0fbd', 'received', 'Ok', 0);
INSERT INTO public.twilio_messages (id, created_at, updated_at, api_version, message_sid, account_sid, messaging_service_sid, to_id, from_id, status, body, num_media) VALUES ('3ce2e7a8-0d1d-4bf6-9406-e18a637c347a', '2021-05-17 21:40:10.729986-07', '2021-05-17 21:40:10.729986-07', '2010-04-01', 'SMbf91eccc8ffa4e5489eb2e782f9f91e7', 'AC828cf7fa609e74ef78861e56ad166f42', NULL, 'c1375981-0102-4132-8799-54f4fe3e0fbd', 'c1e2457b-60ce-4e84-8ba0-a12020c49d40', 'delivered', 'Sent from your Twilio trial account - What''s up?', 0);
INSERT INTO public.twilio_messages (id, created_at, updated_at, api_version, message_sid, account_sid, messaging_service_sid, to_id, from_id, status, body, num_media) VALUES ('49b66fb6-9d55-430b-a5af-4a4fab7f2666', '2021-05-16 21:27:21.579128-07', '2021-05-16 21:27:21.579128-07', '2010-04-01', 'SMe43250da582e4e1bbffd5297317725ae', 'AC828cf7fa609e74ef78861e56ad166f42', NULL, 'c1375981-0102-4132-8799-54f4fe3e0fbd', 'c1e2457b-60ce-4e84-8ba0-a12020c49d40', 'delivered', 'Sent from your Twilio trial account - Sweet', 0);
INSERT INTO public.twilio_messages (id, created_at, updated_at, api_version, message_sid, account_sid, messaging_service_sid, to_id, from_id, status, body, num_media) VALUES ('698b34bb-339b-46fb-a8fd-bfdbb6ba4cf0', '2021-05-17 18:10:19.451251-07', '2021-05-17 18:10:19.451251-07', '2010-04-01', 'SM19e113b92f2d4a9b8342b2ae51a41288', 'AC828cf7fa609e74ef78861e56ad166f42', NULL, 'c1375981-0102-4132-8799-54f4fe3e0fbd', 'c1e2457b-60ce-4e84-8ba0-a12020c49d40', 'delivered', 'Sent from your Twilio trial account - Yay!', 0);
INSERT INTO public.twilio_messages (id, created_at, updated_at, api_version, message_sid, account_sid, messaging_service_sid, to_id, from_id, status, body, num_media) VALUES ('4f93463e-8466-458d-bd2e-8bb116b3e65e', '2021-05-17 21:55:39.700296-07', '2021-05-17 21:55:39.700296-07', '2010-04-01', 'SMf97cb5e418334cc69cf79e68e6ef7fdd', 'AC828cf7fa609e74ef78861e56ad166f42', NULL, 'c1375981-0102-4132-8799-54f4fe3e0fbd', 'c1e2457b-60ce-4e84-8ba0-a12020c49d40', 'delivered', 'Sent from your Twilio trial account - zoom', 0);
INSERT INTO public.twilio_messages (id, created_at, updated_at, api_version, message_sid, account_sid, messaging_service_sid, to_id, from_id, status, body, num_media) VALUES ('c7ef0b02-830f-4b62-8f91-f66c8b67488e', '2021-05-17 21:22:45.277739-07', '2021-05-17 21:22:45.277739-07', '2010-04-01', 'SM3f0e62d0ae63481aa4a2adae497a3481', 'AC828cf7fa609e74ef78861e56ad166f42', NULL, 'c1375981-0102-4132-8799-54f4fe3e0fbd', 'c1e2457b-60ce-4e84-8ba0-a12020c49d40', 'delivered', 'Sent from your Twilio trial account - Google', 0);
INSERT INTO public.twilio_messages (id, created_at, updated_at, api_version, message_sid, account_sid, messaging_service_sid, to_id, from_id, status, body, num_media) VALUES ('65253b91-73f4-4390-a73c-4a599441353e', '2021-05-17 21:46:03.985872-07', '2021-05-17 21:46:03.985872-07', '2010-04-01', 'SMd879370a98004947824aadc91b38e0eb', 'AC828cf7fa609e74ef78861e56ad166f42', NULL, 'c1375981-0102-4132-8799-54f4fe3e0fbd', 'c1e2457b-60ce-4e84-8ba0-a12020c49d40', 'delivered', 'Sent from your Twilio trial account - Goober', 0);
INSERT INTO public.twilio_messages (id, created_at, updated_at, api_version, message_sid, account_sid, messaging_service_sid, to_id, from_id, status, body, num_media) VALUES ('87a585ef-3882-439b-b9f6-480f9b0a828f', '2021-05-17 21:22:59.78977-07', '2021-05-17 21:22:59.78977-07', '2010-04-01', 'SMa8619467be7e492e8796ed294b1eb286', 'AC828cf7fa609e74ef78861e56ad166f42', NULL, 'c1375981-0102-4132-8799-54f4fe3e0fbd', 'c1e2457b-60ce-4e84-8ba0-a12020c49d40', 'delivered', 'Sent from your Twilio trial account - Boogle', 0);
INSERT INTO public.twilio_messages (id, created_at, updated_at, api_version, message_sid, account_sid, messaging_service_sid, to_id, from_id, status, body, num_media) VALUES ('28c60c33-602c-4862-bd65-7903ac3071a1', '2021-05-17 21:38:55.886977-07', '2021-05-17 21:38:55.886977-07', '2010-04-01', 'SMdf6f9cb6c535493f8f1c937ebc8441f8', 'AC828cf7fa609e74ef78861e56ad166f42', NULL, 'c1375981-0102-4132-8799-54f4fe3e0fbd', 'c1e2457b-60ce-4e84-8ba0-a12020c49d40', 'delivered', 'Sent from your Twilio trial account - yo!', 0);
INSERT INTO public.twilio_messages (id, created_at, updated_at, api_version, message_sid, account_sid, messaging_service_sid, to_id, from_id, status, body, num_media) VALUES ('11c13406-fe79-40bf-b1f2-abe10dafdafa', '2021-05-17 21:50:23.858706-07', '2021-05-17 21:50:23.858706-07', '2010-04-01', 'SM7d6d0bd4528b44fdbb91cac586a467b2', 'AC828cf7fa609e74ef78861e56ad166f42', NULL, 'c1375981-0102-4132-8799-54f4fe3e0fbd', 'c1e2457b-60ce-4e84-8ba0-a12020c49d40', 'delivered', 'Sent from your Twilio trial account - Doober', 0);
INSERT INTO public.twilio_messages (id, created_at, updated_at, api_version, message_sid, account_sid, messaging_service_sid, to_id, from_id, status, body, num_media) VALUES ('ca8d5379-040b-4617-b861-5da5ea4ddbf5', '2021-05-17 21:53:57.941829-07', '2021-05-17 21:53:57.941829-07', '2010-04-01', 'SM4e4edd3f96b74b40bc4d860507af07e4', 'AC828cf7fa609e74ef78861e56ad166f42', NULL, 'c1375981-0102-4132-8799-54f4fe3e0fbd', 'c1e2457b-60ce-4e84-8ba0-a12020c49d40', 'delivered', 'Sent from your Twilio trial account - Groom', 0);
INSERT INTO public.twilio_messages (id, created_at, updated_at, api_version, message_sid, account_sid, messaging_service_sid, to_id, from_id, status, body, num_media) VALUES ('5f411000-bb96-4602-9c16-103d136cfa17', '2021-05-17 22:00:25.884087-07', '2021-05-17 22:00:25.884087-07', '2010-04-01', 'SMefad330f3cf24d56b3f0144d9da5f5eb', 'AC828cf7fa609e74ef78861e56ad166f42', NULL, 'c1375981-0102-4132-8799-54f4fe3e0fbd', 'c1e2457b-60ce-4e84-8ba0-a12020c49d40', 'delivered', 'Sent from your Twilio trial account - dsfsdf', 0);
INSERT INTO public.twilio_messages (id, created_at, updated_at, api_version, message_sid, account_sid, messaging_service_sid, to_id, from_id, status, body, num_media) VALUES ('f72574f2-a05d-4fd7-9216-bfcd4a33b68c', '2021-05-17 22:13:10.491377-07', '2021-05-17 22:13:10.491377-07', '2010-04-01', 'SMd73ef28afb1f40da9b8822d79e57007b', 'AC828cf7fa609e74ef78861e56ad166f42', NULL, 'c1375981-0102-4132-8799-54f4fe3e0fbd', 'c1e2457b-60ce-4e84-8ba0-a12020c49d40', 'delivered', 'Sent from your Twilio trial account - Goobie', 0);
INSERT INTO public.twilio_messages (id, created_at, updated_at, api_version, message_sid, account_sid, messaging_service_sid, to_id, from_id, status, body, num_media) VALUES ('9f4ec225-7edb-4323-bf1e-c469a9da8087', '2021-05-17 22:02:51.016837-07', '2021-05-17 22:02:51.016837-07', '2010-04-01', 'SMe9ec80339222423dbacbb96dc9cc25c1', 'AC828cf7fa609e74ef78861e56ad166f42', NULL, 'c1375981-0102-4132-8799-54f4fe3e0fbd', 'c1e2457b-60ce-4e84-8ba0-a12020c49d40', 'delivered', 'Sent from your Twilio trial account - goober', 0);
INSERT INTO public.twilio_messages (id, created_at, updated_at, api_version, message_sid, account_sid, messaging_service_sid, to_id, from_id, status, body, num_media) VALUES ('f9437a70-6e2a-4212-bf02-e0f788c3ca6e', '2021-05-17 22:13:31.758591-07', '2021-05-17 22:13:31.758591-07', '2010-04-01', 'SM47ef12d35e404b1ea419211c51859fee', 'AC828cf7fa609e74ef78861e56ad166f42', NULL, 'c1375981-0102-4132-8799-54f4fe3e0fbd', 'c1e2457b-60ce-4e84-8ba0-a12020c49d40', 'delivered', 'Sent from your Twilio trial account - Newbie', 0);
INSERT INTO public.twilio_messages (id, created_at, updated_at, api_version, message_sid, account_sid, messaging_service_sid, to_id, from_id, status, body, num_media) VALUES ('d82c8f6d-5840-4f2f-9fdb-843ec1ebe0fb', '2021-05-17 22:13:43.766416-07', '2021-05-17 22:13:43.766416-07', '2010-04-01', 'SM424794fb8a9942c4bdcc7e8fa09f9136', 'AC828cf7fa609e74ef78861e56ad166f42', NULL, 'c1375981-0102-4132-8799-54f4fe3e0fbd', 'c1e2457b-60ce-4e84-8ba0-a12020c49d40', 'delivered', 'Sent from your Twilio trial account - Zoobie', 0);
INSERT INTO public.twilio_messages (id, created_at, updated_at, api_version, message_sid, account_sid, messaging_service_sid, to_id, from_id, status, body, num_media) VALUES ('90593c5b-8caf-4e6a-9910-78041ad5132b', '2021-05-17 22:16:10.616908-07', '2021-05-17 22:16:10.616908-07', '2010-04-01', 'SM9677b56544994d118bfca4e18342951e', 'AC828cf7fa609e74ef78861e56ad166f42', NULL, 'c1375981-0102-4132-8799-54f4fe3e0fbd', 'c1e2457b-60ce-4e84-8ba0-a12020c49d40', 'delivered', 'Sent from your Twilio trial account - Hello', 0);
INSERT INTO public.twilio_messages (id, created_at, updated_at, api_version, message_sid, account_sid, messaging_service_sid, to_id, from_id, status, body, num_media) VALUES ('8ba64c88-8b6b-4a68-96c8-b4c79349d2a2', '2021-05-17 22:17:14.741675-07', '2021-05-17 22:17:14.741675-07', '2010-04-01', 'SM9e58db4a022a42d99642043914ac1667', 'AC828cf7fa609e74ef78861e56ad166f42', NULL, 'c1375981-0102-4132-8799-54f4fe3e0fbd', 'c1e2457b-60ce-4e84-8ba0-a12020c49d40', 'delivered', 'Sent from your Twilio trial account - Garf', 0);
INSERT INTO public.twilio_messages (id, created_at, updated_at, api_version, message_sid, account_sid, messaging_service_sid, to_id, from_id, status, body, num_media) VALUES ('8cf30b3d-2aa6-47d1-a0f3-d1ddde6b1be8', '2021-05-17 22:19:27.886952-07', '2021-05-17 22:19:27.886952-07', '2010-04-01', 'SM7e05c5835a6945998cdbbda75770e3b1', 'AC828cf7fa609e74ef78861e56ad166f42', NULL, 'c1375981-0102-4132-8799-54f4fe3e0fbd', 'c1e2457b-60ce-4e84-8ba0-a12020c49d40', 'delivered', 'Sent from your Twilio trial account - a', 0);
INSERT INTO public.twilio_messages (id, created_at, updated_at, api_version, message_sid, account_sid, messaging_service_sid, to_id, from_id, status, body, num_media) VALUES ('e2f72372-e724-4dd5-8d03-b83650799ffb', '2021-05-17 22:22:32.277019-07', '2021-05-17 22:22:32.277019-07', '2010-04-01', 'SMd68452b5c62c4a4c9a58052a685160a1', 'AC828cf7fa609e74ef78861e56ad166f42', NULL, 'c1375981-0102-4132-8799-54f4fe3e0fbd', 'c1e2457b-60ce-4e84-8ba0-a12020c49d40', 'delivered', 'Sent from your Twilio trial account - Go', 0);
INSERT INTO public.twilio_messages (id, created_at, updated_at, api_version, message_sid, account_sid, messaging_service_sid, to_id, from_id, status, body, num_media) VALUES ('de2599eb-9250-42fc-aeee-d79e09909a03', '2021-05-17 22:29:50.808775-07', '2021-05-17 22:29:50.808775-07', '2010-04-01', 'SM99f77d04cd6e4b0aa7a075b90d0e4671', 'AC828cf7fa609e74ef78861e56ad166f42', NULL, 'c1375981-0102-4132-8799-54f4fe3e0fbd', 'c1e2457b-60ce-4e84-8ba0-a12020c49d40', 'delivered', 'Sent from your Twilio trial account - a', 0);
INSERT INTO public.twilio_messages (id, created_at, updated_at, api_version, message_sid, account_sid, messaging_service_sid, to_id, from_id, status, body, num_media) VALUES ('8b560ed6-a69b-45c0-bada-35e0eabf8a41', '2021-05-18 09:52:52.643026-07', '2021-05-18 09:52:52.643026-07', '2010-04-01', 'SMeeebc5996bc848c2a4c7dcc8b0589164', 'AC828cf7fa609e74ef78861e56ad166f42', NULL, 'c1375981-0102-4132-8799-54f4fe3e0fbd', 'c1e2457b-60ce-4e84-8ba0-a12020c49d40', 'delivered', 'Sent from your Twilio trial account - Test', 0);
INSERT INTO public.twilio_messages (id, created_at, updated_at, api_version, message_sid, account_sid, messaging_service_sid, to_id, from_id, status, body, num_media) VALUES ('6aa80342-9b37-43f8-9b19-12184061cf3c', '2021-05-17 22:31:09.44107-07', '2021-05-17 22:31:09.44107-07', '2010-04-01', 'SM8eabb651b56441b085e5d0303f7f58a5', 'AC828cf7fa609e74ef78861e56ad166f42', NULL, 'c1375981-0102-4132-8799-54f4fe3e0fbd', 'c1e2457b-60ce-4e84-8ba0-a12020c49d40', 'delivered', 'Sent from your Twilio trial account - b', 0);
INSERT INTO public.twilio_messages (id, created_at, updated_at, api_version, message_sid, account_sid, messaging_service_sid, to_id, from_id, status, body, num_media) VALUES ('647303a7-f6b5-49c3-8093-1de1173da9c3', '2021-05-17 22:37:05.928741-07', '2021-05-17 22:37:05.928741-07', '2010-04-01', 'SM1311f3ca25fe470eb180faedec055636', 'AC828cf7fa609e74ef78861e56ad166f42', NULL, 'c1375981-0102-4132-8799-54f4fe3e0fbd', 'c1e2457b-60ce-4e84-8ba0-a12020c49d40', 'delivered', 'Sent from your Twilio trial account - hello', 0);
INSERT INTO public.twilio_messages (id, created_at, updated_at, api_version, message_sid, account_sid, messaging_service_sid, to_id, from_id, status, body, num_media) VALUES ('fcc0f214-4442-4696-97d7-e18e71da383d', '2021-05-17 23:04:35.683108-07', '2021-05-17 23:04:35.683108-07', '2010-04-01', 'SMa91c2332f07349329396c23fd9cd5971', 'AC828cf7fa609e74ef78861e56ad166f42', NULL, 'c1375981-0102-4132-8799-54f4fe3e0fbd', 'c1e2457b-60ce-4e84-8ba0-a12020c49d40', 'delivered', 'Sent from your Twilio trial account - a', 0);
INSERT INTO public.twilio_messages (id, created_at, updated_at, api_version, message_sid, account_sid, messaging_service_sid, to_id, from_id, status, body, num_media) VALUES ('91837fb9-665a-441c-869f-783569bba7b2', '2021-05-17 23:05:34.346871-07', '2021-05-17 23:05:34.346871-07', '2010-04-01', 'SMba5d855af59b4a108c575af32f0e87ad', 'AC828cf7fa609e74ef78861e56ad166f42', NULL, 'c1375981-0102-4132-8799-54f4fe3e0fbd', 'c1e2457b-60ce-4e84-8ba0-a12020c49d40', 'delivered', 'Sent from your Twilio trial account - sdf', 0);
INSERT INTO public.twilio_messages (id, created_at, updated_at, api_version, message_sid, account_sid, messaging_service_sid, to_id, from_id, status, body, num_media) VALUES ('ee3b991b-beb2-47d4-a7d4-748b5e11b877', '2021-05-17 23:07:56.738368-07', '2021-05-17 23:07:56.738368-07', '2010-04-01', 'SM6901f3c27ca249dc97d86d5fefaf66ed', 'AC828cf7fa609e74ef78861e56ad166f42', NULL, 'c1375981-0102-4132-8799-54f4fe3e0fbd', 'c1e2457b-60ce-4e84-8ba0-a12020c49d40', 'delivered', 'Sent from your Twilio trial account - Blarg', 0);
INSERT INTO public.twilio_messages (id, created_at, updated_at, api_version, message_sid, account_sid, messaging_service_sid, to_id, from_id, status, body, num_media) VALUES ('415fcad3-4081-4241-aca9-aba759113930', '2021-05-17 23:37:30.458475-07', '2021-05-17 23:37:30.458475-07', '2010-04-01', 'SM259077f346054a0e811b6197a4227101', 'AC828cf7fa609e74ef78861e56ad166f42', NULL, 'c1375981-0102-4132-8799-54f4fe3e0fbd', 'c1e2457b-60ce-4e84-8ba0-a12020c49d40', 'delivered', 'Sent from your Twilio trial account - Goof', 0);
INSERT INTO public.twilio_messages (id, created_at, updated_at, api_version, message_sid, account_sid, messaging_service_sid, to_id, from_id, status, body, num_media) VALUES ('2de7debc-6b31-41ca-89fa-8fa9daac1b55', '2021-05-18 07:59:48.865601-07', '2021-05-18 07:59:48.865601-07', '2010-04-01', 'SM79af2a7eb3ee41e0b277a9b0be9c7bd9', 'AC828cf7fa609e74ef78861e56ad166f42', NULL, 'c1375981-0102-4132-8799-54f4fe3e0fbd', 'c1e2457b-60ce-4e84-8ba0-a12020c49d40', 'delivered', 'Sent from your Twilio trial account - Yo', 0);
INSERT INTO public.twilio_messages (id, created_at, updated_at, api_version, message_sid, account_sid, messaging_service_sid, to_id, from_id, status, body, num_media) VALUES ('a33437e0-7988-4c00-8f2c-a9c8c4b91566', '2021-05-18 08:49:16.686624-07', '2021-05-18 08:49:16.686624-07', '2010-04-01', 'SM2c3cead60efb4029a84e809d106eb8d0', 'AC828cf7fa609e74ef78861e56ad166f42', NULL, 'c1375981-0102-4132-8799-54f4fe3e0fbd', 'c1e2457b-60ce-4e84-8ba0-a12020c49d40', 'delivered', 'Sent from your Twilio trial account - Yay!', 0);
INSERT INTO public.twilio_messages (id, created_at, updated_at, api_version, message_sid, account_sid, messaging_service_sid, to_id, from_id, status, body, num_media) VALUES ('bcb8e8e8-67dd-45ca-a033-ec21d2c60a4b', '2021-05-18 09:52:09.401323-07', '2021-05-18 09:52:09.401323-07', '2010-04-01', 'SMfb0ac20a6adb4108bf7ea8bf40aa5157', 'AC828cf7fa609e74ef78861e56ad166f42', NULL, 'c1375981-0102-4132-8799-54f4fe3e0fbd', 'c1e2457b-60ce-4e84-8ba0-a12020c49d40', 'delivered', 'Sent from your Twilio trial account - Bargle', 0);
INSERT INTO public.twilio_messages (id, created_at, updated_at, api_version, message_sid, account_sid, messaging_service_sid, to_id, from_id, status, body, num_media) VALUES ('54cfcf5c-7ba9-43f6-8f31-fef126d846f1', '2021-05-18 18:44:40.959584-07', '2021-05-18 18:44:40.959584-07', '2010-04-01', 'SMb9cffd1a9f8b539dba32f773c553924f', 'AC828cf7fa609e74ef78861e56ad166f42', NULL, 'c1e2457b-60ce-4e84-8ba0-a12020c49d40', 'c1375981-0102-4132-8799-54f4fe3e0fbd', 'received', 'Boogers
Hamburgers
Pickles', 0);
INSERT INTO public.twilio_messages (id, created_at, updated_at, api_version, message_sid, account_sid, messaging_service_sid, to_id, from_id, status, body, num_media) VALUES ('cf1516a6-25ac-4bb7-b7fb-81ebfed528a0', '2021-05-18 22:30:28.265057-07', '2021-05-18 22:30:28.265057-07', '2010-04-01', 'SM351c3d37000c4ba3bef8e276c9b883a7', 'AC828cf7fa609e74ef78861e56ad166f42', NULL, 'aae83fea-7dd3-44eb-b51e-dbaf9a813db0', 'c1e2457b-60ce-4e84-8ba0-a12020c49d40', 'delivered', 'Sent from your Twilio trial account - Thank you', 0);
INSERT INTO public.twilio_messages (id, created_at, updated_at, api_version, message_sid, account_sid, messaging_service_sid, to_id, from_id, status, body, num_media) VALUES ('53d88b58-2440-404e-988c-5000ec8729cd', '2021-05-19 16:14:26.072438-07', '2021-05-19 16:14:26.072438-07', '2010-04-01', 'SM4bf39463981745c6884588fbd0ed78b8', 'AC828cf7fa609e74ef78861e56ad166f42', NULL, 'c1375981-0102-4132-8799-54f4fe3e0fbd', 'c1e2457b-60ce-4e84-8ba0-a12020c49d40', 'delivered', 'Sent from your Twilio trial account - <b>Hello world</b>', 0);
INSERT INTO public.twilio_messages (id, created_at, updated_at, api_version, message_sid, account_sid, messaging_service_sid, to_id, from_id, status, body, num_media) VALUES ('33607a17-9ed7-4210-a104-6902bc719d63', '2021-05-19 16:15:00.355047-07', '2021-05-19 16:15:00.355047-07', '2010-04-01', 'SMb2a59ce963f5413ca04318570098c8ca', 'AC828cf7fa609e74ef78861e56ad166f42', NULL, 'c1375981-0102-4132-8799-54f4fe3e0fbd', 'c1e2457b-60ce-4e84-8ba0-a12020c49d40', 'delivered', 'Sent from your Twilio trial account - </textarea> <p>Another hello</p>', 0);
INSERT INTO public.twilio_messages (id, created_at, updated_at, api_version, message_sid, account_sid, messaging_service_sid, to_id, from_id, status, body, num_media) VALUES ('a1a39f21-d311-4d1e-86aa-da23d178a893', '2021-05-19 23:27:12.673893-07', '2021-05-19 23:27:12.673893-07', '2010-04-01', 'SM00924232e551428fbba6349b978443ab', 'AC828cf7fa609e74ef78861e56ad166f42', NULL, 'c1375981-0102-4132-8799-54f4fe3e0fbd', 'c1e2457b-60ce-4e84-8ba0-a12020c49d40', 'delivered', 'Sent from your Twilio trial account - Goober', 0);
INSERT INTO public.twilio_messages (id, created_at, updated_at, api_version, message_sid, account_sid, messaging_service_sid, to_id, from_id, status, body, num_media) VALUES ('a1dafd50-dc45-4a35-a7cc-713043c36b5f', '2021-05-21 00:04:53.662629-07', '2021-05-21 00:04:53.662629-07', '2010-04-01', 'SMce8e06ecd3d74dc1a37cb9dc3fa7fccf', 'AC828cf7fa609e74ef78861e56ad166f42', NULL, 'c1375981-0102-4132-8799-54f4fe3e0fbd', 'c1e2457b-60ce-4e84-8ba0-a12020c49d40', 'delivered', 'Sent from your Twilio trial account - Gorf', 0);
INSERT INTO public.twilio_messages (id, created_at, updated_at, api_version, message_sid, account_sid, messaging_service_sid, to_id, from_id, status, body, num_media) VALUES ('138b5028-802a-46e7-aaf0-91325e5e9f61', '2021-06-09 23:25:18.271714-07', '2021-06-09 23:25:18.271714-07', '2010-04-01', 'SM96811def96b847cda657bdcee40eb097', 'AC828cf7fa609e74ef78861e56ad166f42', NULL, 'c1375981-0102-4132-8799-54f4fe3e0fbd', 'c1e2457b-60ce-4e84-8ba0-a12020c49d40', 'delivered', 'Test', 0);
INSERT INTO public.twilio_messages (id, created_at, updated_at, api_version, message_sid, account_sid, messaging_service_sid, to_id, from_id, status, body, num_media) VALUES ('c831d755-f535-405b-90ea-a79b3a686f1d', '2021-06-06 23:30:51.309498-07', '2021-06-06 23:30:51.309498-07', '2010-04-01', 'SMb1248a5f32644f98a74587cb3f26684f', 'AC828cf7fa609e74ef78861e56ad166f42', NULL, 'c1375981-0102-4132-8799-54f4fe3e0fbd', 'c1e2457b-60ce-4e84-8ba0-a12020c49d40', 'delivered', 'hello world!', 0);
INSERT INTO public.twilio_messages (id, created_at, updated_at, api_version, message_sid, account_sid, messaging_service_sid, to_id, from_id, status, body, num_media) VALUES ('9be30b3a-e023-4108-ba31-fbcaf04001a4', '2021-06-09 15:30:01.248632-07', '2021-06-09 15:30:01.248632-07', '2010-04-01', 'SM78ca5c6465104575ad23113e12e981df', 'AC828cf7fa609e74ef78861e56ad166f42', NULL, 'c1375981-0102-4132-8799-54f4fe3e0fbd', 'c1e2457b-60ce-4e84-8ba0-a12020c49d40', 'delivered', 'Hey John - I''ve got you at TODAY today. Let me know what hours you worked and what you did when you have a chance. Thanks!', 0);
INSERT INTO public.twilio_messages (id, created_at, updated_at, api_version, message_sid, account_sid, messaging_service_sid, to_id, from_id, status, body, num_media) VALUES ('56dad30f-04e6-41ad-bb36-da55fae77622', '2021-06-08 08:51:48.342113-07', '2021-06-08 08:51:48.342113-07', '2010-04-01', 'SMa8e2439f5b4c4f94bafe6a7b44f876e8', 'AC828cf7fa609e74ef78861e56ad166f42', NULL, 'a3067783-ada9-4f3d-988b-9ec0c89f959e', 'c1e2457b-60ce-4e84-8ba0-a12020c49d40', 'delivered', 'Hey, send your time info!', 0);
INSERT INTO public.twilio_messages (id, created_at, updated_at, api_version, message_sid, account_sid, messaging_service_sid, to_id, from_id, status, body, num_media) VALUES ('6d15e529-4f53-46c8-b1e4-5b6f360ad19e', '2021-06-08 15:30:04.86636-07', '2021-06-08 15:30:04.86636-07', '2010-04-01', 'SM2276a7de1e314529b4e175575b59f84d', 'AC828cf7fa609e74ef78861e56ad166f42', NULL, 'a3067783-ada9-4f3d-988b-9ec0c89f959e', 'c1e2457b-60ce-4e84-8ba0-a12020c49d40', 'delivered', 'Hi Emma! I''ve noted you for John Madden, 8.0 hours. Can you send me a brief description of the work you did today? Thanks!', 0);
INSERT INTO public.twilio_messages (id, created_at, updated_at, api_version, message_sid, account_sid, messaging_service_sid, to_id, from_id, status, body, num_media) VALUES ('40954f45-1b51-4ab7-8c7a-88ed19053500', '2021-06-09 23:25:30.045139-07', '2021-06-09 23:25:30.045139-07', '2010-04-01', 'SM3368f028e30c66f028c7cab00b3bcce0', 'AC828cf7fa609e74ef78861e56ad166f42', NULL, 'c1e2457b-60ce-4e84-8ba0-a12020c49d40', 'c1375981-0102-4132-8799-54f4fe3e0fbd', 'received', 'Nice!', 0);
INSERT INTO public.twilio_messages (id, created_at, updated_at, api_version, message_sid, account_sid, messaging_service_sid, to_id, from_id, status, body, num_media) VALUES ('97e724ce-f6e5-46dd-b819-30c89414552a', '2021-06-08 15:30:05.089548-07', '2021-06-08 15:30:05.089548-07', '2010-04-01', 'SM076d53b2c59043d79468f21adeee6b5a', 'AC828cf7fa609e74ef78861e56ad166f42', NULL, 'c1375981-0102-4132-8799-54f4fe3e0fbd', 'c1e2457b-60ce-4e84-8ba0-a12020c49d40', 'delivered', 'Hi John! I''ve noted you for NordicTrack, 8.0 hours. Can you send me a brief description of the work you did today? Thanks!', 0);
INSERT INTO public.twilio_messages (id, created_at, updated_at, api_version, message_sid, account_sid, messaging_service_sid, to_id, from_id, status, body, num_media) VALUES ('e014982a-51fb-4fb4-9a22-11189aabd542', '2021-06-08 15:30:49.458285-07', '2021-06-08 15:30:49.458285-07', '2010-04-01', 'SMdc09a9c4e1352316aef164e067df9d7c', 'AC828cf7fa609e74ef78861e56ad166f42', NULL, 'c1e2457b-60ce-4e84-8ba0-a12020c49d40', 'a3067783-ada9-4f3d-988b-9ec0c89f959e', 'received', 'Got it 🎉🎉', 0);
INSERT INTO public.twilio_messages (id, created_at, updated_at, api_version, message_sid, account_sid, messaging_service_sid, to_id, from_id, status, body, num_media) VALUES ('0d46e8ae-b7ef-4416-bd00-8ecc1819442b', '2021-06-09 21:18:25.887714-07', '2021-06-09 21:18:25.887714-07', '2010-04-01', 'SMe500bb71008e4f51a247c1aa71977225', 'AC828cf7fa609e74ef78861e56ad166f42', NULL, 'c1375981-0102-4132-8799-54f4fe3e0fbd', 'c1e2457b-60ce-4e84-8ba0-a12020c49d40', 'delivered', 'Trogdor', 0);
INSERT INTO public.twilio_messages (id, created_at, updated_at, api_version, message_sid, account_sid, messaging_service_sid, to_id, from_id, status, body, num_media) VALUES ('9a179f4e-7623-49f7-a04b-2c3b88bcf2e1', '2021-06-09 21:18:45.679134-07', '2021-06-09 21:18:45.679134-07', '2010-04-01', 'SMf656ca85e067a6226d2803672b77c050', 'AC828cf7fa609e74ef78861e56ad166f42', NULL, 'c1e2457b-60ce-4e84-8ba0-a12020c49d40', 'c1375981-0102-4132-8799-54f4fe3e0fbd', 'received', 'Blogdoor', 0);
INSERT INTO public.twilio_messages (id, created_at, updated_at, api_version, message_sid, account_sid, messaging_service_sid, to_id, from_id, status, body, num_media) VALUES ('ca341dd2-7e86-4b6c-a50d-181831f3e595', '2021-06-10 12:49:35.120076-07', '2021-06-10 12:49:35.120076-07', '2010-04-01', 'SMfbe9618bbc744bf7ba2557f2b880b790', 'AC828cf7fa609e74ef78861e56ad166f42', NULL, 'c1375981-0102-4132-8799-54f4fe3e0fbd', 'c1e2457b-60ce-4e84-8ba0-a12020c49d40', 'delivered', 'Test', 0);
INSERT INTO public.twilio_messages (id, created_at, updated_at, api_version, message_sid, account_sid, messaging_service_sid, to_id, from_id, status, body, num_media) VALUES ('2f57b650-8b87-4349-8c4d-7027311f8766', '2021-06-10 12:49:46.776237-07', '2021-06-10 12:49:46.776237-07', '2010-04-01', 'SMa370c5f2ae15ae02e525fdc4f52ee115', 'AC828cf7fa609e74ef78861e56ad166f42', NULL, 'c1e2457b-60ce-4e84-8ba0-a12020c49d40', 'c1375981-0102-4132-8799-54f4fe3e0fbd', 'received', 'Ok', 0);
INSERT INTO public.twilio_messages (id, created_at, updated_at, api_version, message_sid, account_sid, messaging_service_sid, to_id, from_id, status, body, num_media) VALUES ('9d2fd2f5-ac59-4de4-aca4-7c6eafcd9c6b', '2021-06-10 15:30:23.859652-07', '2021-06-10 15:30:23.859652-07', '2010-04-01', 'SM1469663011e342c082e84f222346970a', 'AC828cf7fa609e74ef78861e56ad166f42', NULL, 'c1375981-0102-4132-8799-54f4fe3e0fbd', 'c1e2457b-60ce-4e84-8ba0-a12020c49d40', 'delivered', 'Hey John - I''ve got you at Garbe today. Let me know what hours you worked and what you did when you have a chance. Thanks!', 0);
INSERT INTO public.twilio_messages (id, created_at, updated_at, api_version, message_sid, account_sid, messaging_service_sid, to_id, from_id, status, body, num_media) VALUES ('ac1d3339-c20e-4bc2-b708-aff396c5ae10', '2021-06-11 15:30:13.745748-07', '2021-06-11 15:30:14.345691-07', '2010-04-01', 'SM7803b6d150e340a1865b2678409b957a', 'AC828cf7fa609e74ef78861e56ad166f42', NULL, 'c1375981-0102-4132-8799-54f4fe3e0fbd', 'c1e2457b-60ce-4e84-8ba0-a12020c49d40', 'delivered', 'Hey John - I''ve got you at Goober today. Let me know what hours you worked and what you did when you have a chance. Thanks!', 0);
INSERT INTO public.twilio_messages (id, created_at, updated_at, api_version, message_sid, account_sid, messaging_service_sid, to_id, from_id, status, body, num_media) VALUES ('e12d6495-1310-4f8d-9dcb-178dcae1d154', '2021-06-14 15:30:13.588386-07', '2021-06-14 15:30:14.39675-07', '2010-04-01', 'SM21782b66fc004b2b9f57d85a4a96527f', 'AC828cf7fa609e74ef78861e56ad166f42', NULL, 'c1375981-0102-4132-8799-54f4fe3e0fbd', 'c1e2457b-60ce-4e84-8ba0-a12020c49d40', 'delivered', 'Hey John - I''ve got you at Another job today. Let me know what hours you worked and what you did when you have a chance. Thanks!', 0);
INSERT INTO public.twilio_messages (id, created_at, updated_at, api_version, message_sid, account_sid, messaging_service_sid, to_id, from_id, status, body, num_media) VALUES ('5ddef1cf-e1f6-4504-98d3-d92d797b5a5d', '2021-06-18 10:48:53.197957-07', '2021-06-18 10:48:53.197957-07', '2010-04-01', 'SMe5824d84b20a499e2c25d2f823925705', 'AC828cf7fa609e74ef78861e56ad166f42', NULL, 'c1e2457b-60ce-4e84-8ba0-a12020c49d40', 'c1375981-0102-4132-8799-54f4fe3e0fbd', 'received', 'Got it', 0);
INSERT INTO public.twilio_messages (id, created_at, updated_at, api_version, message_sid, account_sid, messaging_service_sid, to_id, from_id, status, body, num_media) VALUES ('2ecef2f4-6f72-474c-bb35-db5e0be1f020', '2021-06-18 10:48:18.631495-07', '2021-06-18 10:48:19.350756-07', '2010-04-01', 'SM7163519d0a654a80b17b9e4eb9cfe2fd', 'AC828cf7fa609e74ef78861e56ad166f42', NULL, 'c1375981-0102-4132-8799-54f4fe3e0fbd', 'c1e2457b-60ce-4e84-8ba0-a12020c49d40', 'delivered', 'Abc', 0);
INSERT INTO public.twilio_messages (id, created_at, updated_at, api_version, message_sid, account_sid, messaging_service_sid, to_id, from_id, status, body, num_media) VALUES ('b3fac48f-4e36-48b1-8884-bb25c54cd2e9', '2021-06-18 12:54:31.379044-07', '2021-06-18 12:54:32.323534-07', '2010-04-01', 'SM2c4fe597177e4529a0a54d1b20a4afe3', 'AC828cf7fa609e74ef78861e56ad166f42', NULL, 'c1375981-0102-4132-8799-54f4fe3e0fbd', 'c1e2457b-60ce-4e84-8ba0-a12020c49d40', 'delivered', 'Test', 0);
INSERT INTO public.twilio_messages (id, created_at, updated_at, api_version, message_sid, account_sid, messaging_service_sid, to_id, from_id, status, body, num_media) VALUES ('090d17ef-b4bb-4637-a062-08526ef46eff', '2021-06-18 12:54:40.51011-07', '2021-06-18 12:54:40.51011-07', '2010-04-01', 'SM6341a073fb2e6fd6967499ec5d7830ba', 'AC828cf7fa609e74ef78861e56ad166f42', NULL, 'c1e2457b-60ce-4e84-8ba0-a12020c49d40', 'c1375981-0102-4132-8799-54f4fe3e0fbd', 'received', 'Best', 0);


ALTER TABLE public.twilio_messages ENABLE TRIGGER ALL;


ALTER TABLE public.timecard_entry_messages DISABLE TRIGGER ALL;

INSERT INTO public.timecard_entry_messages (id, created_at, updated_at, timecard_entry_id, twilio_message_id) VALUES ('cf24e20f-5fae-48e7-ba12-695066d88d46', '2021-05-19 23:59:12.859364-07', '2021-05-19 23:59:12.859364-07', 'dc95f428-1527-4f62-9fa8-9bf8b3a8466d', '54cfcf5c-7ba9-43f6-8f31-fef126d846f1');
INSERT INTO public.timecard_entry_messages (id, created_at, updated_at, timecard_entry_id, twilio_message_id) VALUES ('11ef64f4-510a-4874-b603-506d23dd82a8', '2021-05-19 23:59:33.275019-07', '2021-05-19 23:59:33.275019-07', '9f12ff91-6eb2-421e-b6bd-c7dd4310fd5f', '647303a7-f6b5-49c3-8093-1de1173da9c3');
INSERT INTO public.timecard_entry_messages (id, created_at, updated_at, timecard_entry_id, twilio_message_id) VALUES ('2ef5b7a4-964b-46a6-886c-632ba0992924', '2021-05-20 15:28:36.527299-07', '2021-05-20 15:28:36.527299-07', '99b923ae-d69a-4238-9a8d-7ab75410cf18', '33607a17-9ed7-4210-a104-6902bc719d63');
INSERT INTO public.timecard_entry_messages (id, created_at, updated_at, timecard_entry_id, twilio_message_id) VALUES ('79094d74-bd86-4be7-8a32-03dab481e30e', '2021-05-20 15:29:07.046393-07', '2021-05-20 15:29:07.046393-07', '86b8ac98-939f-4d04-b904-d79a49ed9c31', '33607a17-9ed7-4210-a104-6902bc719d63');
INSERT INTO public.timecard_entry_messages (id, created_at, updated_at, timecard_entry_id, twilio_message_id) VALUES ('44a5ba81-ac7b-4905-b4f8-c107821e7c8c', '2021-05-20 18:14:46.262717-07', '2021-05-20 18:14:46.262717-07', '56258462-4a18-4783-8b64-55fce59a152b', '53d88b58-2440-404e-988c-5000ec8729cd');
INSERT INTO public.timecard_entry_messages (id, created_at, updated_at, timecard_entry_id, twilio_message_id) VALUES ('481987fe-5996-4c0b-ac34-dacff92e1f73', '2021-05-20 18:14:46.263546-07', '2021-05-20 18:14:46.263546-07', '56258462-4a18-4783-8b64-55fce59a152b', 'a1a39f21-d311-4d1e-86aa-da23d178a893');
INSERT INTO public.timecard_entry_messages (id, created_at, updated_at, timecard_entry_id, twilio_message_id) VALUES ('d59ad1c2-34a7-4c97-9c90-b808849164f0', '2021-05-20 18:28:18.02847-07', '2021-05-20 18:28:18.02847-07', '6b02eac6-1d5d-48d5-af42-57a4bac10783', '33607a17-9ed7-4210-a104-6902bc719d63');
INSERT INTO public.timecard_entry_messages (id, created_at, updated_at, timecard_entry_id, twilio_message_id) VALUES ('68ab9eb0-69cf-4365-9c8d-793e1099f15b', '2021-05-20 18:41:53.117893-07', '2021-05-20 18:41:53.117893-07', '982481a3-9a45-4b6b-b733-ce6d4a9f0b86', '33607a17-9ed7-4210-a104-6902bc719d63');
INSERT INTO public.timecard_entry_messages (id, created_at, updated_at, timecard_entry_id, twilio_message_id) VALUES ('1c8407ab-de94-4f0a-93d7-0e4d618bb084', '2021-05-20 22:18:47.735371-07', '2021-05-20 22:18:47.735371-07', '156a3dc5-3212-471f-8e5e-db27e08fe635', 'a1a39f21-d311-4d1e-86aa-da23d178a893');
INSERT INTO public.timecard_entry_messages (id, created_at, updated_at, timecard_entry_id, twilio_message_id) VALUES ('df7ec4fd-83d4-4ade-afea-f780c35282fc', '2021-05-20 23:00:57.223565-07', '2021-05-20 23:00:57.223565-07', 'a80fe09c-71a0-4e2a-9d4d-10cbda000780', 'a1a39f21-d311-4d1e-86aa-da23d178a893');
INSERT INTO public.timecard_entry_messages (id, created_at, updated_at, timecard_entry_id, twilio_message_id) VALUES ('25b069c6-f0d2-4092-adb1-f6f7b05c4166', '2021-05-20 23:19:21.524854-07', '2021-05-20 23:19:21.524854-07', '670ee52b-d425-4d9f-977a-135508ae1a9d', 'a1a39f21-d311-4d1e-86aa-da23d178a893');
INSERT INTO public.timecard_entry_messages (id, created_at, updated_at, timecard_entry_id, twilio_message_id) VALUES ('06ea36fa-5ecd-4ecc-b4ea-f2d2d987369b', '2021-06-08 08:19:31.973061-07', '2021-06-08 08:19:31.973061-07', '69d197a3-857a-45af-9df5-99b006158a3a', 'c831d755-f535-405b-90ea-a79b3a686f1d');
INSERT INTO public.timecard_entry_messages (id, created_at, updated_at, timecard_entry_id, twilio_message_id) VALUES ('345deee2-601f-4080-89ca-2cd481498654', '2021-06-08 08:52:13.125721-07', '2021-06-08 08:52:13.125721-07', 'ac413648-5255-4430-b007-842955daff6f', '56dad30f-04e6-41ad-bb36-da55fae77622');
INSERT INTO public.timecard_entry_messages (id, created_at, updated_at, timecard_entry_id, twilio_message_id) VALUES ('6e03c148-e702-477c-bff6-f3863c18d2e7', '2021-06-08 09:02:17.990229-07', '2021-06-08 09:02:17.990229-07', 'deb9e1ba-3ca6-41c2-a0ea-edb68fa65401', 'c831d755-f535-405b-90ea-a79b3a686f1d');
INSERT INTO public.timecard_entry_messages (id, created_at, updated_at, timecard_entry_id, twilio_message_id) VALUES ('ca7ab08b-9260-4c0d-b363-c18030443afc', '2021-06-08 09:17:51.698744-07', '2021-06-08 09:17:51.698744-07', '4e0b7e05-6a63-46b3-b8c1-e948b8e088ec', 'c831d755-f535-405b-90ea-a79b3a686f1d');
INSERT INTO public.timecard_entry_messages (id, created_at, updated_at, timecard_entry_id, twilio_message_id) VALUES ('28e8b67d-d316-40d4-be9e-d7d249005660', '2021-06-08 09:18:11.957503-07', '2021-06-08 09:18:11.957503-07', '9f376a65-c6c7-4ffe-bdf2-016e1aa560eb', 'c831d755-f535-405b-90ea-a79b3a686f1d');
INSERT INTO public.timecard_entry_messages (id, created_at, updated_at, timecard_entry_id, twilio_message_id) VALUES ('f1030554-b93b-43c8-9df2-6ee7f36a8756', '2021-06-08 17:04:02.455843-07', '2021-06-08 17:04:02.455843-07', '970cc879-4019-4523-94ab-5a2ebee261fa', '97e724ce-f6e5-46dd-b819-30c89414552a');
INSERT INTO public.timecard_entry_messages (id, created_at, updated_at, timecard_entry_id, twilio_message_id) VALUES ('1d2f6ef5-65b7-4b39-8a41-1e4e588e8c58', '2021-06-08 17:05:53.392019-07', '2021-06-08 17:05:53.392019-07', 'b42cf874-840e-489b-8452-5f5eb401e672', '97e724ce-f6e5-46dd-b819-30c89414552a');
INSERT INTO public.timecard_entry_messages (id, created_at, updated_at, timecard_entry_id, twilio_message_id) VALUES ('ae939566-8de5-4f32-9f84-158b529224e2', '2021-06-08 17:06:36.375219-07', '2021-06-08 17:06:36.375219-07', '85b061b5-a4c4-4708-a9f5-6e20bfa66d0c', '97e724ce-f6e5-46dd-b819-30c89414552a');
INSERT INTO public.timecard_entry_messages (id, created_at, updated_at, timecard_entry_id, twilio_message_id) VALUES ('3aa1d51d-4065-49fb-ab8c-60d4be31358b', '2021-06-09 14:37:17.924131-07', '2021-06-09 14:37:17.924131-07', 'bff9ce46-313a-4d18-bd28-b24450bac9e7', '97e724ce-f6e5-46dd-b819-30c89414552a');
INSERT INTO public.timecard_entry_messages (id, created_at, updated_at, timecard_entry_id, twilio_message_id) VALUES ('6a510d4d-33b1-4555-afa3-a78a995c955e', '2021-06-09 21:18:59.967119-07', '2021-06-09 21:18:59.967119-07', 'd909ca6f-ac4e-4805-b341-3e8ad9463391', '9a179f4e-7623-49f7-a04b-2c3b88bcf2e1');
INSERT INTO public.timecard_entry_messages (id, created_at, updated_at, timecard_entry_id, twilio_message_id) VALUES ('67c81ef0-b3de-4616-9297-a42c9027743a', '2021-06-09 23:22:23.473582-07', '2021-06-09 23:22:23.473582-07', 'f5b175ea-86b6-4b21-af86-4835a67b6508', '9a179f4e-7623-49f7-a04b-2c3b88bcf2e1');
INSERT INTO public.timecard_entry_messages (id, created_at, updated_at, timecard_entry_id, twilio_message_id) VALUES ('0001bc29-8072-4f14-b2ff-4d8d52090e95', '2021-06-09 23:24:34.398031-07', '2021-06-09 23:24:34.398031-07', 'cb3ca3b9-b630-4606-a053-775a1a2beb5e', '0d46e8ae-b7ef-4416-bd00-8ecc1819442b');
INSERT INTO public.timecard_entry_messages (id, created_at, updated_at, timecard_entry_id, twilio_message_id) VALUES ('f7f56260-74ed-45d9-8fe9-7cad8b6d2c0b', '2021-06-09 23:24:34.399139-07', '2021-06-09 23:24:34.399139-07', 'cb3ca3b9-b630-4606-a053-775a1a2beb5e', '9a179f4e-7623-49f7-a04b-2c3b88bcf2e1');
INSERT INTO public.timecard_entry_messages (id, created_at, updated_at, timecard_entry_id, twilio_message_id) VALUES ('ee4ece7e-71b0-4d78-8019-0dc1716f6026', '2021-06-10 15:50:36.27402-07', '2021-06-10 15:50:36.27402-07', '470c397b-34c1-46ef-bcad-1c50943f7137', '9d2fd2f5-ac59-4de4-aca4-7c6eafcd9c6b');
INSERT INTO public.timecard_entry_messages (id, created_at, updated_at, timecard_entry_id, twilio_message_id) VALUES ('3894d656-4acb-48fb-aefb-0f18353bce89', '2021-06-10 15:51:01.62617-07', '2021-06-10 15:51:01.62617-07', '241ab07c-3493-4d46-8d4a-484e9bec7834', '9d2fd2f5-ac59-4de4-aca4-7c6eafcd9c6b');
INSERT INTO public.timecard_entry_messages (id, created_at, updated_at, timecard_entry_id, twilio_message_id) VALUES ('da3e40e8-7530-49ac-a45e-d2756cfc17e3', '2021-06-10 15:56:11.313622-07', '2021-06-10 15:56:11.313622-07', '86a9a77c-ff50-48af-a774-ac5f32bcb5c7', '9d2fd2f5-ac59-4de4-aca4-7c6eafcd9c6b');
INSERT INTO public.timecard_entry_messages (id, created_at, updated_at, timecard_entry_id, twilio_message_id) VALUES ('d4af7b50-65e2-43a7-a0d3-a363016858ee', '2021-06-10 17:42:58.819127-07', '2021-06-10 17:42:58.819127-07', '42625629-e3b8-46ac-9c80-819855e4a2b9', '9d2fd2f5-ac59-4de4-aca4-7c6eafcd9c6b');
INSERT INTO public.timecard_entry_messages (id, created_at, updated_at, timecard_entry_id, twilio_message_id) VALUES ('0a7d7b39-0067-4e8d-b639-270b31866a79', '2021-06-10 22:27:31.697062-07', '2021-06-10 22:27:31.697062-07', '56dfe4db-8680-45ad-9c45-5831f1680921', '33607a17-9ed7-4210-a104-6902bc719d63');
INSERT INTO public.timecard_entry_messages (id, created_at, updated_at, timecard_entry_id, twilio_message_id) VALUES ('f8d109d5-0268-4eb5-a9b5-32f91c79c973', '2021-06-10 22:27:31.697062-07', '2021-06-10 22:27:31.697062-07', '56dfe4db-8680-45ad-9c45-5831f1680921', 'a1dafd50-dc45-4a35-a7cc-713043c36b5f');
INSERT INTO public.timecard_entry_messages (id, created_at, updated_at, timecard_entry_id, twilio_message_id) VALUES ('1b803f53-6908-4dd2-a4f1-3ace4dd161cb', '2021-06-10 22:27:39.18966-07', '2021-06-10 22:27:39.18966-07', 'b0d5ab96-ac69-4408-b4f9-45fb6041be2c', '9d2fd2f5-ac59-4de4-aca4-7c6eafcd9c6b');
INSERT INTO public.timecard_entry_messages (id, created_at, updated_at, timecard_entry_id, twilio_message_id) VALUES ('4c33ec9f-93ca-46b6-afa5-6a0054453191', '2021-06-10 22:58:30.577767-07', '2021-06-10 22:58:30.577767-07', 'a66e24ca-5ad7-423e-9017-646db6dced56', '9d2fd2f5-ac59-4de4-aca4-7c6eafcd9c6b');
INSERT INTO public.timecard_entry_messages (id, created_at, updated_at, timecard_entry_id, twilio_message_id) VALUES ('b2bf2d2f-0f6d-48b2-90a4-d5fa88d4b78c', '2021-06-11 08:19:55.150503-07', '2021-06-11 08:19:55.150503-07', '0c702dbc-4414-41f4-a8cc-42cfb6e114e9', '9d2fd2f5-ac59-4de4-aca4-7c6eafcd9c6b');
INSERT INTO public.timecard_entry_messages (id, created_at, updated_at, timecard_entry_id, twilio_message_id) VALUES ('7a3facf2-92c2-44eb-a3fc-aee25d1a78b0', '2021-06-11 09:15:55.749919-07', '2021-06-11 09:15:55.749919-07', '44faf2bc-16dc-44a5-9547-e8220c113fc4', '9d2fd2f5-ac59-4de4-aca4-7c6eafcd9c6b');
INSERT INTO public.timecard_entry_messages (id, created_at, updated_at, timecard_entry_id, twilio_message_id) VALUES ('b96176d3-17bf-465c-b16d-602b210c86fb', '2021-06-11 09:16:14.700774-07', '2021-06-11 09:16:14.700774-07', '223a8902-cb17-439b-a707-7f736dc73bbd', '9d2fd2f5-ac59-4de4-aca4-7c6eafcd9c6b');
INSERT INTO public.timecard_entry_messages (id, created_at, updated_at, timecard_entry_id, twilio_message_id) VALUES ('6a1099c6-9443-4244-882c-7e62a82fd6dd', '2021-06-11 10:54:41.174993-07', '2021-06-11 10:54:41.174993-07', 'a22f29c3-25cc-42d2-ad04-a528a3acd314', '9d2fd2f5-ac59-4de4-aca4-7c6eafcd9c6b');
INSERT INTO public.timecard_entry_messages (id, created_at, updated_at, timecard_entry_id, twilio_message_id) VALUES ('fb93bdaa-b596-4084-8ac8-0f80057b3720', '2021-06-11 10:58:26.204625-07', '2021-06-11 10:58:26.204625-07', '9c699bfa-89c3-4511-b175-b4f9154f5df1', '9d2fd2f5-ac59-4de4-aca4-7c6eafcd9c6b');
INSERT INTO public.timecard_entry_messages (id, created_at, updated_at, timecard_entry_id, twilio_message_id) VALUES ('08032fcd-efe4-4cb6-8c8a-535924e46da2', '2021-06-11 11:22:53.931827-07', '2021-06-11 11:22:53.931827-07', 'bdd76ffb-198e-438d-a220-97825c706130', '9d2fd2f5-ac59-4de4-aca4-7c6eafcd9c6b');
INSERT INTO public.timecard_entry_messages (id, created_at, updated_at, timecard_entry_id, twilio_message_id) VALUES ('22cbab2e-13f6-4929-a679-03080a19d86c', '2021-06-12 20:29:18.345754-07', '2021-06-12 20:29:18.345754-07', '2747f04c-6b7b-40eb-8832-29b8341be482', 'ac1d3339-c20e-4bc2-b708-aff396c5ae10');
INSERT INTO public.timecard_entry_messages (id, created_at, updated_at, timecard_entry_id, twilio_message_id) VALUES ('a29fd810-5308-4ab4-8f0b-08e1d485c881', '2021-06-12 20:29:31.640698-07', '2021-06-12 20:29:31.640698-07', '0035ef10-3209-4e0f-b2b2-79998fa08b0d', 'ac1d3339-c20e-4bc2-b708-aff396c5ae10');
INSERT INTO public.timecard_entry_messages (id, created_at, updated_at, timecard_entry_id, twilio_message_id) VALUES ('a922ab74-2f6f-40e8-b50d-4a8291c65107', '2021-06-13 21:41:34.668199-07', '2021-06-13 21:41:34.668199-07', 'a44c88be-f516-47dc-812a-8c75c3b42c0d', '9d2fd2f5-ac59-4de4-aca4-7c6eafcd9c6b');
INSERT INTO public.timecard_entry_messages (id, created_at, updated_at, timecard_entry_id, twilio_message_id) VALUES ('c71778bf-e307-4664-b233-98b06b88f13a', '2021-06-13 22:05:48.485886-07', '2021-06-13 22:05:48.485886-07', '86bc52ee-95db-4c9d-b375-929ec9ac0c27', '9d2fd2f5-ac59-4de4-aca4-7c6eafcd9c6b');
INSERT INTO public.timecard_entry_messages (id, created_at, updated_at, timecard_entry_id, twilio_message_id) VALUES ('e765b1d8-81f5-47ae-8739-fd0bda45cf98', '2021-06-13 22:05:58.199081-07', '2021-06-13 22:05:58.199081-07', 'f682dae2-f9cf-4360-b5e5-b00fa344d063', 'ac1d3339-c20e-4bc2-b708-aff396c5ae10');
INSERT INTO public.timecard_entry_messages (id, created_at, updated_at, timecard_entry_id, twilio_message_id) VALUES ('c44173fa-2341-4eb6-9a53-8e4186ffe2db', '2021-06-13 22:06:05.055515-07', '2021-06-13 22:06:05.055515-07', '7ff7d66c-689a-40d9-a6d9-c557dd11e1c9', 'ac1d3339-c20e-4bc2-b708-aff396c5ae10');
INSERT INTO public.timecard_entry_messages (id, created_at, updated_at, timecard_entry_id, twilio_message_id) VALUES ('527d8885-1c8b-4e20-8630-46f5460623bf', '2021-06-13 22:06:10.918325-07', '2021-06-13 22:06:10.918325-07', 'd5680e1b-3913-4f5c-80f3-28b512380df2', 'ac1d3339-c20e-4bc2-b708-aff396c5ae10');
INSERT INTO public.timecard_entry_messages (id, created_at, updated_at, timecard_entry_id, twilio_message_id) VALUES ('8481742f-b0a0-4838-9ba1-6ea2b2616e08', '2021-06-13 22:06:20.665202-07', '2021-06-13 22:06:20.665202-07', '90387e61-0592-46a9-9b70-a6fa03a644e8', 'ac1d3339-c20e-4bc2-b708-aff396c5ae10');
INSERT INTO public.timecard_entry_messages (id, created_at, updated_at, timecard_entry_id, twilio_message_id) VALUES ('9c1b80dd-dfb5-4b62-9f5f-f61021a78eb3', '2021-06-13 22:06:44.362143-07', '2021-06-13 22:06:44.362143-07', 'e1a15163-5f52-41fd-b663-c80645cc84c3', 'ac1d3339-c20e-4bc2-b708-aff396c5ae10');
INSERT INTO public.timecard_entry_messages (id, created_at, updated_at, timecard_entry_id, twilio_message_id) VALUES ('7fc96c3f-5337-4605-a9f1-87888972c138', '2021-06-13 22:06:50.55913-07', '2021-06-13 22:06:50.55913-07', 'f663dcd3-84c8-4c67-8164-cd60644cdb15', 'ac1d3339-c20e-4bc2-b708-aff396c5ae10');
INSERT INTO public.timecard_entry_messages (id, created_at, updated_at, timecard_entry_id, twilio_message_id) VALUES ('4ed42427-0353-4109-b8d6-2c2865f02e5b', '2021-06-13 22:06:58.006209-07', '2021-06-13 22:06:58.006209-07', '173b89f5-f9d1-48e2-8b9d-5ea088e29dbd', 'ac1d3339-c20e-4bc2-b708-aff396c5ae10');
INSERT INTO public.timecard_entry_messages (id, created_at, updated_at, timecard_entry_id, twilio_message_id) VALUES ('d55753c9-ac0f-4805-9197-4256d7f1862e', '2021-06-13 22:07:04.656093-07', '2021-06-13 22:07:04.656093-07', '9baa2720-b2a4-4d8b-997b-33b5c8887884', 'ac1d3339-c20e-4bc2-b708-aff396c5ae10');
INSERT INTO public.timecard_entry_messages (id, created_at, updated_at, timecard_entry_id, twilio_message_id) VALUES ('78c3ac69-0cd7-4866-8727-ce19d069a0d5', '2021-06-13 22:07:09.6269-07', '2021-06-13 22:07:09.6269-07', '4cd8ed86-26aa-440a-9b5f-7c77f1edd6e6', 'ac1d3339-c20e-4bc2-b708-aff396c5ae10');
INSERT INTO public.timecard_entry_messages (id, created_at, updated_at, timecard_entry_id, twilio_message_id) VALUES ('0d6a5641-cc4f-4c37-86f5-e30d48edb577', '2021-06-13 22:07:19.011159-07', '2021-06-13 22:07:19.011159-07', '168b8fc5-9d34-49e4-b48c-727f93b99bea', 'ac1d3339-c20e-4bc2-b708-aff396c5ae10');
INSERT INTO public.timecard_entry_messages (id, created_at, updated_at, timecard_entry_id, twilio_message_id) VALUES ('b8d1f6fc-b38c-4664-8cb9-de1fe460e9a0', '2021-06-18 10:47:55.229401-07', '2021-06-18 10:47:55.229401-07', 'dc67aec4-57ab-4826-950f-f760f0c00dc4', 'ac1d3339-c20e-4bc2-b708-aff396c5ae10');
INSERT INTO public.timecard_entry_messages (id, created_at, updated_at, timecard_entry_id, twilio_message_id) VALUES ('6f989346-9a65-431d-9157-15cad8f13124', '2021-06-18 10:47:55.229401-07', '2021-06-18 10:47:55.229401-07', 'dc67aec4-57ab-4826-950f-f760f0c00dc4', 'e12d6495-1310-4f8d-9dcb-178dcae1d154');
INSERT INTO public.timecard_entry_messages (id, created_at, updated_at, timecard_entry_id, twilio_message_id) VALUES ('04b7b70f-86a6-4907-a6df-3b3761d37ec9', '2021-06-18 11:32:42.912626-07', '2021-06-18 11:32:42.912626-07', 'ef515544-f23c-452a-9209-d05491f116db', '5ddef1cf-e1f6-4504-98d3-d92d797b5a5d');
INSERT INTO public.timecard_entry_messages (id, created_at, updated_at, timecard_entry_id, twilio_message_id) VALUES ('d91ffb5d-fc02-4581-a8a3-7ba924c65080', '2021-06-18 12:54:19.333547-07', '2021-06-18 12:54:19.333547-07', '8ba5198c-6f97-400c-a259-82dd684fc1c5', 'ac1d3339-c20e-4bc2-b708-aff396c5ae10');
INSERT INTO public.timecard_entry_messages (id, created_at, updated_at, timecard_entry_id, twilio_message_id) VALUES ('934747b0-29af-4cd3-b791-d06741c1fa80', '2021-06-18 12:54:19.333547-07', '2021-06-18 12:54:19.333547-07', '8ba5198c-6f97-400c-a259-82dd684fc1c5', 'e12d6495-1310-4f8d-9dcb-178dcae1d154');


ALTER TABLE public.timecard_entry_messages ENABLE TRIGGER ALL;


ALTER TABLE public.users DISABLE TRIGGER ALL;

INSERT INTO public.users (id, email, password_hash, locked_at, failed_login_attempts, created_at, updated_at) VALUES ('aa267118-f73f-45ab-9644-5705f21070e7', 'test@company.com', 'sha256|17|V6JGPzE2wOfao5X6hI+QPA==|5/99LLTnfGArcvfziM8eIvlOMN/syoKpKvvW3NaRBvM=', NULL, 0, '2021-06-10 22:27:20.261931-07', '2021-06-11 10:53:14.096509-07');


ALTER TABLE public.users ENABLE TRIGGER ALL;


